ForecastID,ProductID,ProductName,ProductCategory,ForecastDate,ForecastPeriod,PredictedDemand,ConfidenceLevel,SeasonalMultiplier,TrendDirection,BaselineDemand,SalesTrendMultiplier,CompoundTrendMultiplier,MethodUsed,ForecastHorizon,ActualDemand,AccuracyScore,CreatedBy,CreatedDate
1,1521,Adventurer Pro Backpack,Camping,2026-05-01,Monthly,69,77.58,1.0,Growing,64,1.08,1.08,Business Growth Forecast (8% Monthly),30,,,system,2026-04-29 00:00:00
2,1521,Adventurer Pro Backpack,Camping,2026-05-01,Weekly,16,77.43,1.0,Growing,64,1.08,1.08,Business Growth Forecast (8% Monthly),7,,,system,2026-04-19 00:00:00
3,1521,Adventurer Pro Backpack,Camping,2026-05-08,Weekly,16,79.48,1.0,Growing,64,1.08,1.08,Business Growth Forecast (8% Monthly),7,,,system,2026-04-07 00:00:00
4,1521,Adventurer Pro Backpack,Camping,2026-05-15,Weekly,16,80.23,1.0,Growing,64,1.08,1.08,Business Growth Forecast (8% Monthly),7,,,system,2026-04-06 00:00:00
5,1521,Adventurer Pro Backpack,Camping,2026-05-22,Weekly,16,78.09,1.0,Growing,64,1.08,1.08,Business Growth Forecast (8% Monthly),7,,,system,2026-04-09 00:00:00
6,1521,Adventurer Pro Backpack,Camping,2026-06-01,Monthly,74,77.58,1.0,Growing,64,1.08,1.166,Business Growth Forecast (8% Monthly),30,,,system,2026-04-21 00:00:00
7,1521,Adventurer Pro Backpack,Camping,2026-07-01,Monthly,80,77.58,1.0,Growing,64,1.08,1.26,Business Growth Forecast (8% Monthly),30,,,system,2026-04-01 00:00:00
8,1531,Summit Breeze Jacket,Camping,2026-05-01,Monthly,90,74.61,1.0,Growing,84,1.08,1.08,Business Growth Forecast (8% Monthly),30,,,system,2026-04-20 00:00:00
9,1531,Summit Breeze Jacket,Camping,2026-05-01,Weekly,20,76.78,1.0,Growing,84,1.08,1.08,Business Growth Forecast (8% Monthly),7,,,system,2026-04-10 00:00:00
10,1531,Summit Breeze Jacket,Camping,2026-05-08,Weekly,20,73.39,1.0,Growing,84,1.08,1.08,Business Growth Forecast (8% Monthly),7,,,system,2026-04-06 00:00:00
11,1531,Summit Breeze Jacket,Camping,2026-05-15,Weekly,20,77.9,1.0,Growing,84,1.08,1.08,Business Growth Forecast (8% Monthly),7,,,system,2026-04-24 00:00:00
12,1531,Summit Breeze Jacket,Camping,2026-05-22,Weekly,20,74.17,1.0,Growing,84,1.08,1.08,Business Growth Forecast (8% Monthly),7,,,system,2026-04-15 00:00:00
13,1531,Summit Breeze Jacket,Camping,2026-06-01,Monthly,97,74.61,1.0,Growing,84,1.08,1.166,Business Growth Forecast (8% Monthly),30,,,system,2026-04-01 00:00:00
14,1531,Summit Breeze Jacket,Camping,2026-07-01,Monthly,105,74.61,1.0,Growing,84,1.08,1.26,Business Growth Forecast (8% Monthly),30,,,system,2026-04-11 00:00:00
15,1541,TrekReady Hiking Boots,Camping,2026-05-01,Monthly,82,77.46,1.0,Growing,76,1.08,1.08,Business Growth Forecast (8% Monthly),30,,,system,2026-04-27 00:00:00
16,1541,TrekReady Hiking Boots,Camping,2026-05-01,Weekly,19,76.44,1.0,Growing,76,1.08,1.08,Business Growth Forecast (8% Monthly),7,,,system,2026-04-15 00:00:00
17,1541,TrekReady Hiking Boots,Camping,2026-05-08,Weekly,19,82.12,1.0,Growing,76,1.08,1.08,Business Growth Forecast (8% Monthly),7,,,system,2026-04-29 00:00:00
18,1541,TrekReady Hiking Boots,Camping,2026-05-15,Weekly,19,74.83,1.0,Growing,76,1.08,1.08,Business Growth Forecast (8% Monthly),7,,,system,2026-04-21 00:00:00
19,1541,TrekReady Hiking Boots,Camping,2026-05-22,Weekly,19,74.78,1.0,Growing,76,1.08,1.08,Business Growth Forecast (8% Monthly),7,,,system,2026-04-25 00:00:00
20,1541,TrekReady Hiking Boots,Camping,2026-06-01,Monthly,88,77.46,1.0,Growing,76,1.08,1.166,Business Growth Forecast (8% Monthly),30,,,system,2026-04-05 00:00:00
21,1541,TrekReady Hiking Boots,Camping,2026-07-01,Monthly,95,77.46,1.0,Growing,76,1.08,1.26,Business Growth Forecast (8% Monthly),30,,,system,2026-04-14 00:00:00
22,1551,BaseCamp Folding Table,Camping,2026-05-01,Monthly,108,60.07,1.0,Growing,100,1.08,1.08,Business Growth Forecast (8% Monthly),30,,,system,2026-04-20 00:00:00
23,1551,BaseCamp Folding Table,Camping,2026-05-01,Weekly,25,59.51,1.0,Growing,100,1.08,1.08,Business Growth Forecast (8% Monthly),7,,,system,2026-04-28 00:00:00
24,1551,BaseCamp Folding Table,Camping,2026-05-08,Weekly,25,63.51,1.0,Growing,100,1.08,1.08,Business Growth Forecast (8% Monthly),7,,,system,2026-04-03 00:00:00
25,1551,BaseCamp Folding Table,Camping,2026-05-15,Weekly,25,55.08,1.0,Growing,100,1.08,1.08,Business Growth Forecast (8% Monthly),7,,,system,2026-04-25 00:00:00
26,1551,BaseCamp Folding Table,Camping,2026-05-22,Weekly,25,55.95,1.0,Growing,100,1.08,1.08,Business Growth Forecast (8% Monthly),7,,,system,2026-04-24 00:00:00
27,1551,BaseCamp Folding Table,Camping,2026-06-01,Monthly,116,60.07,1.0,Growing,100,1.08,1.166,Business Growth Forecast (8% Monthly),30,,,system,2026-04-27 00:00:00
28,1551,BaseCamp Folding Table,Camping,2026-07-01,Monthly,125,60.07,1.0,Growing,100,1.08,1.26,Business Growth Forecast (8% Monthly),30,,,system,2026-04-29 00:00:00
29,1561,EcoFire Camping Stove,Camping,2026-05-01,Monthly,128,62.03,1.0,Growing,119,1.08,1.08,Business Growth Forecast (8% Monthly),30,,,system,2026-04-03 00:00:00
30,1561,EcoFire Camping Stove,Camping,2026-05-01,Weekly,29,59.3,1.0,Growing,119,1.08,1.08,Business Growth Forecast (8% Monthly),7,,,system,2026-04-22 00:00:00
31,1561,EcoFire Camping Stove,Camping,2026-05-08,Weekly,29,65.74,1.0,Growing,119,1.08,1.08,Business Growth Forecast (8% Monthly),7,,,system,2026-04-15 00:00:00
32,1561,EcoFire Camping Stove,Camping,2026-05-15,Weekly,29,65.5,1.0,Growing,119,1.08,1.08,Business Growth Forecast (8% Monthly),7,,,system,2026-04-21 00:00:00
33,1561,EcoFire Camping Stove,Camping,2026-05-22,Weekly,29,61.55,1.0,Growing,119,1.08,1.08,Business Growth Forecast (8% Monthly),7,,,system,2026-04-23 00:00:00
34,1561,EcoFire Camping Stove,Camping,2026-06-01,Monthly,138,62.03,1.0,Growing,119,1.08,1.166,Business Growth Forecast (8% Monthly),30,,,system,2026-04-20 00:00:00
35,1561,EcoFire Camping Stove,Camping,2026-07-01,Monthly,149,62.03,1.0,Growing,119,1.08,1.26,Business Growth Forecast (8% Monthly),30,,,system,2026-04-19 00:00:00
36,1571,CozyNights Sleeping Bag,Camping,2026-05-01,Monthly,108,63.39,1.0,Growing,100,1.08,1.08,Business Growth Forecast (8% Monthly),30,,,system,2026-04-15 00:00:00
37,1571,CozyNights Sleeping Bag,Camping,2026-05-01,Weekly,25,67.25,1.0,Growing,100,1.08,1.08,Business Growth Forecast (8% Monthly),7,,,system,2026-04-29 00:00:00
38,1571,CozyNights Sleeping Bag,Camping,2026-05-08,Weekly,25,65.94,1.0,Growing,100,1.08,1.08,Business Growth Forecast (8% Monthly),7,,,system,2026-04-04 00:00:00
39,1571,CozyNights Sleeping Bag,Camping,2026-05-15,Weekly,25,65.73,1.0,Growing,100,1.08,1.08,Business Growth Forecast (8% Monthly),7,,,system,2026-04-22 00:00:00
40,1571,CozyNights Sleeping Bag,Camping,2026-05-22,Weekly,25,61.26,1.0,Growing,100,1.08,1.08,Business Growth Forecast (8% Monthly),7,,,system,2026-04-29 00:00:00
41,1571,CozyNights Sleeping Bag,Camping,2026-06-01,Monthly,116,63.39,1.0,Growing,100,1.08,1.166,Business Growth Forecast (8% Monthly),30,,,system,2026-04-04 00:00:00
42,1571,CozyNights Sleeping Bag,Camping,2026-07-01,Monthly,125,63.39,1.0,Growing,100,1.08,1.26,Business Growth Forecast (8% Monthly),30,,,system,2026-04-11 00:00:00
43,1511,Alpine Explorer Tent,Camping,2026-05-01,Monthly,88,74.17,1.0,Growing,82,1.08,1.08,Business Growth Forecast (8% Monthly),30,,,system,2026-04-23 00:00:00
44,1511,Alpine Explorer Tent,Camping,2026-05-01,Weekly,20,77.88,1.0,Growing,82,1.08,1.08,Business Growth Forecast (8% Monthly),7,,,system,2026-04-25 00:00:00
45,1511,Alpine Explorer Tent,Camping,2026-05-08,Weekly,20,76.14,1.0,Growing,82,1.08,1.08,Business Growth Forecast (8% Monthly),7,,,system,2026-04-22 00:00:00
46,1511,Alpine Explorer Tent,Camping,2026-05-15,Weekly,20,75.35,1.0,Growing,82,1.08,1.08,Business Growth Forecast (8% Monthly),7,,,system,2026-04-23 00:00:00
47,1511,Alpine Explorer Tent,Camping,2026-05-22,Weekly,20,69.63,1.0,Growing,82,1.08,1.08,Business Growth Forecast (8% Monthly),7,,,system,2026-04-09 00:00:00
48,1511,Alpine Explorer Tent,Camping,2026-06-01,Monthly,95,74.17,1.0,Growing,82,1.08,1.166,Business Growth Forecast (8% Monthly),30,,,system,2026-04-11 00:00:00
49,1511,Alpine Explorer Tent,Camping,2026-07-01,Monthly,103,74.17,1.0,Growing,82,1.08,1.26,Business Growth Forecast (8% Monthly),30,,,system,2026-04-21 00:00:00
50,1522,SummitClimber Backpack,Camping,2026-05-01,Monthly,77,67.13,1.0,Growing,72,1.08,1.08,Business Growth Forecast (8% Monthly),30,,,system,2026-04-04 00:00:00
51,1522,SummitClimber Backpack,Camping,2026-05-01,Weekly,17,62.74,1.0,Growing,72,1.08,1.08,Business Growth Forecast (8% Monthly),7,,,system,2026-04-24 00:00:00
52,1522,SummitClimber Backpack,Camping,2026-05-08,Weekly,17,64.81,1.0,Growing,72,1.08,1.08,Business Growth Forecast (8% Monthly),7,,,system,2026-04-22 00:00:00
53,1522,SummitClimber Backpack,Camping,2026-05-15,Weekly,17,62.71,1.0,Growing,72,1.08,1.08,Business Growth Forecast (8% Monthly),7,,,system,2026-04-02 00:00:00
54,1522,SummitClimber Backpack,Camping,2026-05-22,Weekly,17,64.15,1.0,Growing,72,1.08,1.08,Business Growth Forecast (8% Monthly),7,,,system,2026-04-06 00:00:00
55,1522,SummitClimber Backpack,Camping,2026-06-01,Monthly,83,67.13,1.0,Growing,72,1.08,1.166,Business Growth Forecast (8% Monthly),30,,,system,2026-04-06 00:00:00
56,1522,SummitClimber Backpack,Camping,2026-07-01,Monthly,90,67.13,1.0,Growing,72,1.08,1.26,Business Growth Forecast (8% Monthly),30,,,system,2026-04-01 00:00:00
57,1532,TrailBlaze Hiking Pants,Camping,2026-05-01,Monthly,104,76.53,1.0,Growing,97,1.08,1.08,Business Growth Forecast (8% Monthly),30,,,system,2026-04-21 00:00:00
58,1532,TrailBlaze Hiking Pants,Camping,2026-05-01,Weekly,24,77.33,1.0,Growing,97,1.08,1.08,Business Growth Forecast (8% Monthly),7,,,system,2026-04-20 00:00:00
59,1532,TrailBlaze Hiking Pants,Camping,2026-05-08,Weekly,24,75.54,1.0,Growing,97,1.08,1.08,Business Growth Forecast (8% Monthly),7,,,system,2026-04-04 00:00:00
60,1532,TrailBlaze Hiking Pants,Camping,2026-05-15,Weekly,24,80.22,1.0,Growing,97,1.08,1.08,Business Growth Forecast (8% Monthly),7,,,system,2026-04-28 00:00:00
61,1532,TrailBlaze Hiking Pants,Camping,2026-05-22,Weekly,24,77.02,1.0,Growing,97,1.08,1.08,Business Growth Forecast (8% Monthly),7,,,system,2026-04-14 00:00:00
62,1532,TrailBlaze Hiking Pants,Camping,2026-06-01,Monthly,113,76.53,1.0,Growing,97,1.08,1.166,Business Growth Forecast (8% Monthly),30,,,system,2026-04-18 00:00:00
63,1532,TrailBlaze Hiking Pants,Camping,2026-07-01,Monthly,122,76.53,1.0,Growing,97,1.08,1.26,Business Growth Forecast (8% Monthly),30,,,system,2026-03-31 00:00:00
64,1542,TrailWalker Hiking Shoes,Camping,2026-05-01,Monthly,105,66.96,1.0,Growing,98,1.08,1.08,Business Growth Forecast (8% Monthly),30,,,system,2026-04-10 00:00:00
65,1542,TrailWalker Hiking Shoes,Camping,2026-05-01,Weekly,24,68.93,1.0,Growing,98,1.08,1.08,Business Growth Forecast (8% Monthly),7,,,system,2026-04-04 00:00:00
66,1542,TrailWalker Hiking Shoes,Camping,2026-05-08,Weekly,24,66.11,1.0,Growing,98,1.08,1.08,Business Growth Forecast (8% Monthly),7,,,system,2026-04-02 00:00:00
67,1542,TrailWalker Hiking Shoes,Camping,2026-05-15,Weekly,24,68.56,1.0,Growing,98,1.08,1.08,Business Growth Forecast (8% Monthly),7,,,system,2026-04-17 00:00:00
68,1542,TrailWalker Hiking Shoes,Camping,2026-05-22,Weekly,24,69.6,1.0,Growing,98,1.08,1.08,Business Growth Forecast (8% Monthly),7,,,system,2026-04-24 00:00:00
69,1542,TrailWalker Hiking Shoes,Camping,2026-06-01,Monthly,114,66.96,1.0,Growing,98,1.08,1.166,Business Growth Forecast (8% Monthly),30,,,system,2026-04-09 00:00:00
70,1542,TrailWalker Hiking Shoes,Camping,2026-07-01,Monthly,123,66.96,1.0,Growing,98,1.08,1.26,Business Growth Forecast (8% Monthly),30,,,system,2026-04-08 00:00:00
71,1552,TrekMaster Camping Chair,Camping,2026-05-01,Monthly,103,60.01,1.0,Growing,96,1.08,1.08,Business Growth Forecast (8% Monthly),30,,,system,2026-04-20 00:00:00
72,1552,TrekMaster Camping Chair,Camping,2026-05-01,Weekly,23,61.24,1.0,Growing,96,1.08,1.08,Business Growth Forecast (8% Monthly),7,,,system,2026-04-06 00:00:00
73,1552,TrekMaster Camping Chair,Camping,2026-05-08,Weekly,23,58.5,1.0,Growing,96,1.08,1.08,Business Growth Forecast (8% Monthly),7,,,system,2026-04-05 00:00:00
74,1552,TrekMaster Camping Chair,Camping,2026-05-15,Weekly,23,56.38,1.0,Growing,96,1.08,1.08,Business Growth Forecast (8% Monthly),7,,,system,2026-04-04 00:00:00
75,1552,TrekMaster Camping Chair,Camping,2026-05-22,Weekly,23,64.95,1.0,Growing,96,1.08,1.08,Business Growth Forecast (8% Monthly),7,,,system,2026-04-02 00:00:00
76,1552,TrekMaster Camping Chair,Camping,2026-06-01,Monthly,111,60.01,1.0,Growing,96,1.08,1.166,Business Growth Forecast (8% Monthly),30,,,system,2026-04-04 00:00:00
77,1552,TrekMaster Camping Chair,Camping,2026-07-01,Monthly,120,60.01,1.0,Growing,96,1.08,1.26,Business Growth Forecast (8% Monthly),30,,,system,2026-04-05 00:00:00
78,1562,PowerBurner Camping Stove,Camping,2026-05-01,Monthly,75,60.06,1.0,Growing,70,1.08,1.08,Business Growth Forecast (8% Monthly),30,,,system,2026-04-14 00:00:00
79,1562,PowerBurner Camping Stove,Camping,2026-05-01,Weekly,17,58.61,1.0,Growing,70,1.08,1.08,Business Growth Forecast (8% Monthly),7,,,system,2026-04-19 00:00:00
80,1562,PowerBurner Camping Stove,Camping,2026-05-08,Weekly,17,58.53,1.0,Growing,70,1.08,1.08,Business Growth Forecast (8% Monthly),7,,,system,2026-04-05 00:00:00
81,1562,PowerBurner Camping Stove,Camping,2026-05-15,Weekly,17,61.13,1.0,Growing,70,1.08,1.08,Business Growth Forecast (8% Monthly),7,,,system,2026-04-24 00:00:00
82,1562,PowerBurner Camping Stove,Camping,2026-05-22,Weekly,17,59.81,1.0,Growing,70,1.08,1.08,Business Growth Forecast (8% Monthly),7,,,system,2026-04-21 00:00:00
83,1562,PowerBurner Camping Stove,Camping,2026-06-01,Monthly,81,60.06,1.0,Growing,70,1.08,1.166,Business Growth Forecast (8% Monthly),30,,,system,2026-03-31 00:00:00
84,1562,PowerBurner Camping Stove,Camping,2026-07-01,Monthly,88,60.06,1.0,Growing,70,1.08,1.26,Business Growth Forecast (8% Monthly),30,,,system,2026-04-09 00:00:00
85,1572,MountainDream Sleeping Bag,Camping,2026-05-01,Monthly,100,74.39,1.0,Growing,93,1.08,1.08,Business Growth Forecast (8% Monthly),30,,,system,2026-04-27 00:00:00
86,1572,MountainDream Sleeping Bag,Camping,2026-05-01,Weekly,23,71.29,1.0,Growing,93,1.08,1.08,Business Growth Forecast (8% Monthly),7,,,system,2026-04-21 00:00:00
87,1572,MountainDream Sleeping Bag,Camping,2026-05-08,Weekly,23,71.38,1.0,Growing,93,1.08,1.08,Business Growth Forecast (8% Monthly),7,,,system,2026-04-02 00:00:00
88,1572,MountainDream Sleeping Bag,Camping,2026-05-15,Weekly,23,77.03,1.0,Growing,93,1.08,1.08,Business Growth Forecast (8% Monthly),7,,,system,2026-04-13 00:00:00
89,1572,MountainDream Sleeping Bag,Camping,2026-05-22,Weekly,23,75.81,1.0,Growing,93,1.08,1.08,Business Growth Forecast (8% Monthly),7,,,system,2026-04-21 00:00:00
90,1572,MountainDream Sleeping Bag,Camping,2026-06-01,Monthly,108,74.39,1.0,Growing,93,1.08,1.166,Business Growth Forecast (8% Monthly),30,,,system,2026-04-25 00:00:00
91,1572,MountainDream Sleeping Bag,Camping,2026-07-01,Monthly,117,74.39,1.0,Growing,93,1.08,1.26,Business Growth Forecast (8% Monthly),30,,,system,2026-04-18 00:00:00
92,1512,SkyView 2-Person Tent,Camping,2026-05-01,Monthly,105,77.84,1.0,Growing,98,1.08,1.08,Business Growth Forecast (8% Monthly),30,,,system,2026-04-05 00:00:00
93,1512,SkyView 2-Person Tent,Camping,2026-05-01,Weekly,24,79.83,1.0,Growing,98,1.08,1.08,Business Growth Forecast (8% Monthly),7,,,system,2026-04-14 00:00:00
94,1512,SkyView 2-Person Tent,Camping,2026-05-08,Weekly,24,81.81,1.0,Growing,98,1.08,1.08,Business Growth Forecast (8% Monthly),7,,,system,2026-04-26 00:00:00
95,1512,SkyView 2-Person Tent,Camping,2026-05-15,Weekly,24,76.43,1.0,Growing,98,1.08,1.08,Business Growth Forecast (8% Monthly),7,,,system,2026-04-08 00:00:00
96,1512,SkyView 2-Person Tent,Camping,2026-05-22,Weekly,24,82.06,1.0,Growing,98,1.08,1.08,Business Growth Forecast (8% Monthly),7,,,system,2026-04-20 00:00:00
97,1512,SkyView 2-Person Tent,Camping,2026-06-01,Monthly,114,77.84,1.0,Growing,98,1.08,1.166,Business Growth Forecast (8% Monthly),30,,,system,2026-04-25 00:00:00
98,1512,SkyView 2-Person Tent,Camping,2026-07-01,Monthly,123,77.84,1.0,Growing,98,1.08,1.26,Business Growth Forecast (8% Monthly),30,,,system,2026-04-04 00:00:00
99,1523,TrailLite Daypack,Camping,2026-05-01,Monthly,86,62.28,1.0,Growing,80,1.08,1.08,Business Growth Forecast (8% Monthly),30,,,system,2026-04-20 00:00:00
100,1523,TrailLite Daypack,Camping,2026-05-01,Weekly,20,66.4,1.0,Growing,80,1.08,1.08,Business Growth Forecast (8% Monthly),7,,,system,2026-04-12 00:00:00
101,1523,TrailLite Daypack,Camping,2026-05-08,Weekly,20,65.48,1.0,Growing,80,1.08,1.08,Business Growth Forecast (8% Monthly),7,,,system,2026-03-31 00:00:00
102,1523,TrailLite Daypack,Camping,2026-05-15,Weekly,20,62.74,1.0,Growing,80,1.08,1.08,Business Growth Forecast (8% Monthly),7,,,system,2026-04-24 00:00:00
103,1523,TrailLite Daypack,Camping,2026-05-22,Weekly,20,67.06,1.0,Growing,80,1.08,1.08,Business Growth Forecast (8% Monthly),7,,,system,2026-04-23 00:00:00
104,1523,TrailLite Daypack,Camping,2026-06-01,Monthly,93,62.28,1.0,Growing,80,1.08,1.166,Business Growth Forecast (8% Monthly),30,,,system,2026-04-14 00:00:00
105,1523,TrailLite Daypack,Camping,2026-07-01,Monthly,100,62.28,1.0,Growing,80,1.08,1.26,Business Growth Forecast (8% Monthly),30,,,system,2026-04-21 00:00:00
106,1533,RainGuard Hiking Jacket,Camping,2026-05-01,Monthly,119,71.7,1.0,Growing,111,1.08,1.08,Business Growth Forecast (8% Monthly),30,,,system,2026-04-23 00:00:00
107,1533,RainGuard Hiking Jacket,Camping,2026-05-01,Weekly,27,70.59,1.0,Growing,111,1.08,1.08,Business Growth Forecast (8% Monthly),7,,,system,2026-04-02 00:00:00
108,1533,RainGuard Hiking Jacket,Camping,2026-05-08,Weekly,27,72.37,1.0,Growing,111,1.08,1.08,Business Growth Forecast (8% Monthly),7,,,system,2026-04-21 00:00:00
109,1533,RainGuard Hiking Jacket,Camping,2026-05-15,Weekly,27,74.04,1.0,Growing,111,1.08,1.08,Business Growth Forecast (8% Monthly),7,,,system,2026-03-31 00:00:00
110,1533,RainGuard Hiking Jacket,Camping,2026-05-22,Weekly,27,70.98,1.0,Growing,111,1.08,1.08,Business Growth Forecast (8% Monthly),7,,,system,2026-04-24 00:00:00
111,1533,RainGuard Hiking Jacket,Camping,2026-06-01,Monthly,129,71.7,1.0,Growing,111,1.08,1.166,Business Growth Forecast (8% Monthly),30,,,system,2026-04-02 00:00:00
112,1533,RainGuard Hiking Jacket,Camping,2026-07-01,Monthly,139,71.7,1.0,Growing,111,1.08,1.26,Business Growth Forecast (8% Monthly),30,,,system,2026-04-09 00:00:00
113,1543,TrekStar Hiking Sandals,Camping,2026-05-01,Monthly,129,64.18,1.0,Growing,120,1.08,1.08,Business Growth Forecast (8% Monthly),30,,,system,2026-04-05 00:00:00
114,1543,TrekStar Hiking Sandals,Camping,2026-05-01,Weekly,30,61.0,1.0,Growing,120,1.08,1.08,Business Growth Forecast (8% Monthly),7,,,system,2026-04-06 00:00:00
115,1543,TrekStar Hiking Sandals,Camping,2026-05-08,Weekly,30,64.79,1.0,Growing,120,1.08,1.08,Business Growth Forecast (8% Monthly),7,,,system,2026-04-16 00:00:00
116,1543,TrekStar Hiking Sandals,Camping,2026-05-15,Weekly,30,63.35,1.0,Growing,120,1.08,1.08,Business Growth Forecast (8% Monthly),7,,,system,2026-04-27 00:00:00
117,1543,TrekStar Hiking Sandals,Camping,2026-05-22,Weekly,30,62.85,1.0,Growing,120,1.08,1.08,Business Growth Forecast (8% Monthly),7,,,system,2026-04-09 00:00:00
118,1543,TrekStar Hiking Sandals,Camping,2026-06-01,Monthly,139,64.18,1.0,Growing,120,1.08,1.166,Business Growth Forecast (8% Monthly),30,,,system,2026-04-26 00:00:00
119,1543,TrekStar Hiking Sandals,Camping,2026-07-01,Monthly,151,64.18,1.0,Growing,120,1.08,1.26,Business Growth Forecast (8% Monthly),30,,,system,2026-04-24 00:00:00
120,1553,Adventure Dining Table,Camping,2026-05-01,Monthly,69,61.58,1.0,Growing,64,1.08,1.08,Business Growth Forecast (8% Monthly),30,,,system,2026-04-18 00:00:00
121,1553,Adventure Dining Table,Camping,2026-05-01,Weekly,16,60.5,1.0,Growing,64,1.08,1.08,Business Growth Forecast (8% Monthly),7,,,system,2026-04-19 00:00:00
122,1553,Adventure Dining Table,Camping,2026-05-08,Weekly,16,60.21,1.0,Growing,64,1.08,1.08,Business Growth Forecast (8% Monthly),7,,,system,2026-04-28 00:00:00
123,1553,Adventure Dining Table,Camping,2026-05-15,Weekly,16,60.38,1.0,Growing,64,1.08,1.08,Business Growth Forecast (8% Monthly),7,,,system,2026-04-14 00:00:00
124,1553,Adventure Dining Table,Camping,2026-05-22,Weekly,16,65.84,1.0,Growing,64,1.08,1.08,Business Growth Forecast (8% Monthly),7,,,system,2026-04-29 00:00:00
125,1553,Adventure Dining Table,Camping,2026-06-01,Monthly,74,61.58,1.0,Growing,64,1.08,1.166,Business Growth Forecast (8% Monthly),30,,,system,2026-04-25 00:00:00
126,1553,Adventure Dining Table,Camping,2026-07-01,Monthly,80,61.58,1.0,Growing,64,1.08,1.26,Business Growth Forecast (8% Monthly),30,,,system,2026-04-01 00:00:00
127,1563,CompactCook Camping Stove,Camping,2026-05-01,Monthly,68,60.47,1.0,Growing,63,1.08,1.08,Business Growth Forecast (8% Monthly),30,,,system,2026-04-26 00:00:00
128,1563,CompactCook Camping Stove,Camping,2026-05-01,Weekly,15,58.34,1.0,Growing,63,1.08,1.08,Business Growth Forecast (8% Monthly),7,,,system,2026-04-01 00:00:00
129,1563,CompactCook Camping Stove,Camping,2026-05-08,Weekly,15,58.52,1.0,Growing,63,1.08,1.08,Business Growth Forecast (8% Monthly),7,,,system,2026-04-24 00:00:00
130,1563,CompactCook Camping Stove,Camping,2026-05-15,Weekly,15,58.64,1.0,Growing,63,1.08,1.08,Business Growth Forecast (8% Monthly),7,,,system,2026-04-02 00:00:00
131,1563,CompactCook Camping Stove,Camping,2026-05-22,Weekly,15,64.91,1.0,Growing,63,1.08,1.08,Business Growth Forecast (8% Monthly),7,,,system,2026-04-10 00:00:00
132,1563,CompactCook Camping Stove,Camping,2026-06-01,Monthly,73,60.47,1.0,Growing,63,1.08,1.166,Business Growth Forecast (8% Monthly),30,,,system,2026-04-05 00:00:00
133,1563,CompactCook Camping Stove,Camping,2026-07-01,Monthly,79,60.47,1.0,Growing,63,1.08,1.26,Business Growth Forecast (8% Monthly),30,,,system,2026-04-11 00:00:00
134,1581,LED Headlamp - Rechargeable,Camping,2026-05-01,Monthly,112,61.57,1.0,Growing,104,1.08,1.08,Business Growth Forecast (8% Monthly),30,,,system,2026-04-28 00:00:00
135,1581,LED Headlamp - Rechargeable,Camping,2026-05-01,Weekly,26,66.44,1.0,Growing,104,1.08,1.08,Business Growth Forecast (8% Monthly),7,,,system,2026-04-05 00:00:00
136,1581,LED Headlamp - Rechargeable,Camping,2026-05-08,Weekly,26,58.37,1.0,Growing,104,1.08,1.08,Business Growth Forecast (8% Monthly),7,,,system,2026-04-04 00:00:00
137,1581,LED Headlamp - Rechargeable,Camping,2026-05-15,Weekly,26,62.38,1.0,Growing,104,1.08,1.08,Business Growth Forecast (8% Monthly),7,,,system,2026-04-02 00:00:00
138,1581,LED Headlamp - Rechargeable,Camping,2026-05-22,Weekly,26,65.28,1.0,Growing,104,1.08,1.08,Business Growth Forecast (8% Monthly),7,,,system,2026-04-06 00:00:00
139,1581,LED Headlamp - Rechargeable,Camping,2026-06-01,Monthly,121,61.57,1.0,Growing,104,1.08,1.166,Business Growth Forecast (8% Monthly),30,,,system,2026-04-20 00:00:00
140,1581,LED Headlamp - Rechargeable,Camping,2026-07-01,Monthly,131,61.57,1.0,Growing,104,1.08,1.26,Business Growth Forecast (8% Monthly),30,,,system,2026-04-14 00:00:00
141,2011,Coffee Maker,Kitchen,2026-05-01,Monthly,66,66.49,1.0,Growing,62,1.08,1.08,Business Growth Forecast (8% Monthly),30,,,system,2026-04-11 00:00:00
142,2011,Coffee Maker,Kitchen,2026-05-01,Weekly,15,66.69,1.0,Growing,62,1.08,1.08,Business Growth Forecast (8% Monthly),7,,,system,2026-04-01 00:00:00
143,2011,Coffee Maker,Kitchen,2026-05-08,Weekly,15,63.11,1.0,Growing,62,1.08,1.08,Business Growth Forecast (8% Monthly),7,,,system,2026-04-14 00:00:00
144,2011,Coffee Maker,Kitchen,2026-05-15,Weekly,15,62.01,1.0,Growing,62,1.08,1.08,Business Growth Forecast (8% Monthly),7,,,system,2026-04-22 00:00:00
145,2011,Coffee Maker,Kitchen,2026-05-22,Weekly,15,70.25,1.0,Growing,62,1.08,1.08,Business Growth Forecast (8% Monthly),7,,,system,2026-04-24 00:00:00
146,2011,Coffee Maker,Kitchen,2026-06-01,Monthly,72,66.49,1.0,Growing,62,1.08,1.166,Business Growth Forecast (8% Monthly),30,,,system,2026-04-07 00:00:00
147,2011,Coffee Maker,Kitchen,2026-07-01,Monthly,78,66.49,1.0,Growing,62,1.08,1.26,Business Growth Forecast (8% Monthly),30,,,system,2026-04-01 00:00:00
148,2012,Espresso Machine,Kitchen,2026-05-01,Monthly,115,61.71,1.0,Growing,107,1.08,1.08,Business Growth Forecast (8% Monthly),30,,,system,2026-04-04 00:00:00
149,2012,Espresso Machine,Kitchen,2026-05-01,Weekly,26,59.78,1.0,Growing,107,1.08,1.08,Business Growth Forecast (8% Monthly),7,,,system,2026-04-25 00:00:00
150,2012,Espresso Machine,Kitchen,2026-05-08,Weekly,26,65.66,1.0,Growing,107,1.08,1.08,Business Growth Forecast (8% Monthly),7,,,system,2026-04-25 00:00:00
151,2012,Espresso Machine,Kitchen,2026-05-15,Weekly,26,65.95,1.0,Growing,107,1.08,1.08,Business Growth Forecast (8% Monthly),7,,,system,2026-04-07 00:00:00
152,2012,Espresso Machine,Kitchen,2026-05-22,Weekly,26,64.41,1.0,Growing,107,1.08,1.08,Business Growth Forecast (8% Monthly),7,,,system,2026-04-08 00:00:00
153,2012,Espresso Machine,Kitchen,2026-06-01,Monthly,124,61.71,1.0,Growing,107,1.08,1.166,Business Growth Forecast (8% Monthly),30,,,system,2026-04-12 00:00:00
154,2012,Espresso Machine,Kitchen,2026-07-01,Monthly,134,61.71,1.0,Growing,107,1.08,1.26,Business Growth Forecast (8% Monthly),30,,,system,2026-04-12 00:00:00
155,2021,Chef Knife,Kitchen,2026-05-01,Monthly,127,78.63,1.0,Growing,118,1.08,1.08,Business Growth Forecast (8% Monthly),30,,,system,2026-04-12 00:00:00
156,2021,Chef Knife,Kitchen,2026-05-01,Weekly,29,81.12,1.0,Growing,118,1.08,1.08,Business Growth Forecast (8% Monthly),7,,,system,2026-04-25 00:00:00
157,2021,Chef Knife,Kitchen,2026-05-08,Weekly,29,76.39,1.0,Growing,118,1.08,1.08,Business Growth Forecast (8% Monthly),7,,,system,2026-04-07 00:00:00
158,2021,Chef Knife,Kitchen,2026-05-15,Weekly,29,74.91,1.0,Growing,118,1.08,1.08,Business Growth Forecast (8% Monthly),7,,,system,2026-04-18 00:00:00
159,2021,Chef Knife,Kitchen,2026-05-22,Weekly,29,79.39,1.0,Growing,118,1.08,1.08,Business Growth Forecast (8% Monthly),7,,,system,2026-04-08 00:00:00
160,2021,Chef Knife,Kitchen,2026-06-01,Monthly,137,78.63,1.0,Growing,118,1.08,1.166,Business Growth Forecast (8% Monthly),30,,,system,2026-04-05 00:00:00
161,2021,Chef Knife,Kitchen,2026-07-01,Monthly,148,78.63,1.0,Growing,118,1.08,1.26,Business Growth Forecast (8% Monthly),30,,,system,2026-04-16 00:00:00
162,2022,Fork Set,Kitchen,2026-05-01,Monthly,123,79.27,1.0,Growing,114,1.08,1.08,Business Growth Forecast (8% Monthly),30,,,system,2026-04-06 00:00:00
163,2022,Fork Set,Kitchen,2026-05-01,Weekly,28,78.45,1.0,Growing,114,1.08,1.08,Business Growth Forecast (8% Monthly),7,,,system,2026-04-06 00:00:00
164,2022,Fork Set,Kitchen,2026-05-08,Weekly,28,78.75,1.0,Growing,114,1.08,1.08,Business Growth Forecast (8% Monthly),7,,,system,2026-04-21 00:00:00
165,2022,Fork Set,Kitchen,2026-05-15,Weekly,28,83.4,1.0,Growing,114,1.08,1.08,Business Growth Forecast (8% Monthly),7,,,system,2026-04-05 00:00:00
166,2022,Fork Set,Kitchen,2026-05-22,Weekly,28,75.12,1.0,Growing,114,1.08,1.08,Business Growth Forecast (8% Monthly),7,,,system,2026-04-01 00:00:00
167,2022,Fork Set,Kitchen,2026-06-01,Monthly,132,79.27,1.0,Growing,114,1.08,1.166,Business Growth Forecast (8% Monthly),30,,,system,2026-04-26 00:00:00
168,2022,Fork Set,Kitchen,2026-07-01,Monthly,143,79.27,1.0,Growing,114,1.08,1.26,Business Growth Forecast (8% Monthly),30,,,system,2026-03-31 00:00:00
169,2031,Coffee Mug,Kitchen,2026-05-01,Monthly,103,66.26,1.0,Growing,96,1.08,1.08,Business Growth Forecast (8% Monthly),30,,,system,2026-04-10 00:00:00
170,2031,Coffee Mug,Kitchen,2026-05-01,Weekly,23,69.29,1.0,Growing,96,1.08,1.08,Business Growth Forecast (8% Monthly),7,,,system,2026-04-14 00:00:00
171,2031,Coffee Mug,Kitchen,2026-05-08,Weekly,23,63.32,1.0,Growing,96,1.08,1.08,Business Growth Forecast (8% Monthly),7,,,system,2026-04-26 00:00:00
172,2031,Coffee Mug,Kitchen,2026-05-15,Weekly,23,69.27,1.0,Growing,96,1.08,1.08,Business Growth Forecast (8% Monthly),7,,,system,2026-04-07 00:00:00
173,2031,Coffee Mug,Kitchen,2026-05-22,Weekly,23,64.43,1.0,Growing,96,1.08,1.08,Business Growth Forecast (8% Monthly),7,,,system,2026-04-16 00:00:00
174,2031,Coffee Mug,Kitchen,2026-06-01,Monthly,111,66.26,1.0,Growing,96,1.08,1.166,Business Growth Forecast (8% Monthly),30,,,system,2026-04-02 00:00:00
175,2031,Coffee Mug,Kitchen,2026-07-01,Monthly,120,66.26,1.0,Growing,96,1.08,1.26,Business Growth Forecast (8% Monthly),30,,,system,2026-04-26 00:00:00
176,2041,Serving Platter,Kitchen,2026-05-01,Monthly,109,74.35,1.0,Growing,101,1.08,1.08,Business Growth Forecast (8% Monthly),30,,,system,2026-04-20 00:00:00
177,2041,Serving Platter,Kitchen,2026-05-01,Weekly,25,75.94,1.0,Growing,101,1.08,1.08,Business Growth Forecast (8% Monthly),7,,,system,2026-04-19 00:00:00
178,2041,Serving Platter,Kitchen,2026-05-08,Weekly,25,75.04,1.0,Growing,101,1.08,1.08,Business Growth Forecast (8% Monthly),7,,,system,2026-04-13 00:00:00
179,2041,Serving Platter,Kitchen,2026-05-15,Weekly,25,71.22,1.0,Growing,101,1.08,1.08,Business Growth Forecast (8% Monthly),7,,,system,2026-04-01 00:00:00
180,2041,Serving Platter,Kitchen,2026-05-22,Weekly,25,76.48,1.0,Growing,101,1.08,1.08,Business Growth Forecast (8% Monthly),7,,,system,2026-04-21 00:00:00
181,2041,Serving Platter,Kitchen,2026-06-01,Monthly,117,74.35,1.0,Growing,101,1.08,1.166,Business Growth Forecast (8% Monthly),30,,,system,2026-04-01 00:00:00
182,2041,Serving Platter,Kitchen,2026-07-01,Monthly,127,74.35,1.0,Growing,101,1.08,1.26,Business Growth Forecast (8% Monthly),30,,,system,2026-04-22 00:00:00
183,2051,Ice Cream Bowl,Kitchen,2026-05-01,Monthly,86,62.5,1.0,Growing,80,1.08,1.08,Business Growth Forecast (8% Monthly),30,,,system,2026-04-12 00:00:00
184,2051,Ice Cream Bowl,Kitchen,2026-05-01,Weekly,20,64.23,1.0,Growing,80,1.08,1.08,Business Growth Forecast (8% Monthly),7,,,system,2026-04-08 00:00:00
185,2051,Ice Cream Bowl,Kitchen,2026-05-08,Weekly,20,65.1,1.0,Growing,80,1.08,1.08,Business Growth Forecast (8% Monthly),7,,,system,2026-04-29 00:00:00
186,2051,Ice Cream Bowl,Kitchen,2026-05-15,Weekly,20,67.28,1.0,Growing,80,1.08,1.08,Business Growth Forecast (8% Monthly),7,,,system,2026-04-03 00:00:00
187,2051,Ice Cream Bowl,Kitchen,2026-05-22,Weekly,20,62.22,1.0,Growing,80,1.08,1.08,Business Growth Forecast (8% Monthly),7,,,system,2026-04-08 00:00:00
188,2051,Ice Cream Bowl,Kitchen,2026-06-01,Monthly,93,62.5,1.0,Growing,80,1.08,1.166,Business Growth Forecast (8% Monthly),30,,,system,2026-04-05 00:00:00
189,2051,Ice Cream Bowl,Kitchen,2026-07-01,Monthly,100,62.5,1.0,Growing,80,1.08,1.26,Business Growth Forecast (8% Monthly),30,,,system,2026-03-31 00:00:00
190,2061,Mixing Bowl,Kitchen,2026-05-01,Monthly,92,70.41,1.0,Growing,86,1.08,1.08,Business Growth Forecast (8% Monthly),30,,,system,2026-04-13 00:00:00
191,2061,Mixing Bowl,Kitchen,2026-05-01,Weekly,21,66.49,1.0,Growing,86,1.08,1.08,Business Growth Forecast (8% Monthly),7,,,system,2026-04-23 00:00:00
192,2061,Mixing Bowl,Kitchen,2026-05-08,Weekly,21,73.0,1.0,Growing,86,1.08,1.08,Business Growth Forecast (8% Monthly),7,,,system,2026-04-14 00:00:00
193,2061,Mixing Bowl,Kitchen,2026-05-15,Weekly,21,73.92,1.0,Growing,86,1.08,1.08,Business Growth Forecast (8% Monthly),7,,,system,2026-04-08 00:00:00
194,2061,Mixing Bowl,Kitchen,2026-05-22,Weekly,21,65.92,1.0,Growing,86,1.08,1.08,Business Growth Forecast (8% Monthly),7,,,system,2026-04-24 00:00:00
195,2061,Mixing Bowl,Kitchen,2026-06-01,Monthly,100,70.41,1.0,Growing,86,1.08,1.166,Business Growth Forecast (8% Monthly),30,,,system,2026-04-16 00:00:00
196,2061,Mixing Bowl,Kitchen,2026-07-01,Monthly,108,70.41,1.0,Growing,86,1.08,1.26,Business Growth Forecast (8% Monthly),30,,,system,2026-04-21 00:00:00
197,2071,Baking Pan,Kitchen,2026-05-01,Monthly,108,69.99,1.0,Growing,100,1.08,1.08,Business Growth Forecast (8% Monthly),30,,,system,2026-04-01 00:00:00
198,2071,Baking Pan,Kitchen,2026-05-01,Weekly,25,66.09,1.0,Growing,100,1.08,1.08,Business Growth Forecast (8% Monthly),7,,,system,2026-04-11 00:00:00
199,2071,Baking Pan,Kitchen,2026-05-08,Weekly,25,74.79,1.0,Growing,100,1.08,1.08,Business Growth Forecast (8% Monthly),7,,,system,2026-04-13 00:00:00
200,2071,Baking Pan,Kitchen,2026-05-15,Weekly,25,73.2,1.0,Growing,100,1.08,1.08,Business Growth Forecast (8% Monthly),7,,,system,2026-04-12 00:00:00
201,2071,Baking Pan,Kitchen,2026-05-22,Weekly,25,70.39,1.0,Growing,100,1.08,1.08,Business Growth Forecast (8% Monthly),7,,,system,2026-04-06 00:00:00
202,2071,Baking Pan,Kitchen,2026-06-01,Monthly,116,69.99,1.0,Growing,100,1.08,1.166,Business Growth Forecast (8% Monthly),30,,,system,2026-04-27 00:00:00
203,2071,Baking Pan,Kitchen,2026-07-01,Monthly,125,69.99,1.0,Growing,100,1.08,1.26,Business Growth Forecast (8% Monthly),30,,,system,2026-04-29 00:00:00
204,2081,Food Storage Set,Kitchen,2026-05-01,Monthly,65,65.9,1.0,Growing,61,1.08,1.08,Business Growth Forecast (8% Monthly),30,,,system,2026-04-06 00:00:00
205,2081,Food Storage Set,Kitchen,2026-05-01,Weekly,15,67.82,1.0,Growing,61,1.08,1.08,Business Growth Forecast (8% Monthly),7,,,system,2026-04-14 00:00:00
206,2081,Food Storage Set,Kitchen,2026-05-08,Weekly,15,62.3,1.0,Growing,61,1.08,1.08,Business Growth Forecast (8% Monthly),7,,,system,2026-04-15 00:00:00
207,2081,Food Storage Set,Kitchen,2026-05-15,Weekly,15,67.41,1.0,Growing,61,1.08,1.08,Business Growth Forecast (8% Monthly),7,,,system,2026-04-06 00:00:00
208,2081,Food Storage Set,Kitchen,2026-05-22,Weekly,15,62.88,1.0,Growing,61,1.08,1.08,Business Growth Forecast (8% Monthly),7,,,system,2026-04-15 00:00:00
209,2081,Food Storage Set,Kitchen,2026-06-01,Monthly,71,65.9,1.0,Growing,61,1.08,1.166,Business Growth Forecast (8% Monthly),30,,,system,2026-04-02 00:00:00
210,2081,Food Storage Set,Kitchen,2026-07-01,Monthly,76,65.9,1.0,Growing,61,1.08,1.26,Business Growth Forecast (8% Monthly),30,,,system,2026-04-07 00:00:00
211,2091,Spatula,Kitchen,2026-05-01,Monthly,79,72.95,1.0,Growing,74,1.08,1.08,Business Growth Forecast (8% Monthly),30,,,system,2026-04-09 00:00:00
212,2091,Spatula,Kitchen,2026-05-01,Weekly,18,77.3,1.0,Growing,74,1.08,1.08,Business Growth Forecast (8% Monthly),7,,,system,2026-04-11 00:00:00
213,2091,Spatula,Kitchen,2026-05-08,Weekly,18,74.03,1.0,Growing,74,1.08,1.08,Business Growth Forecast (8% Monthly),7,,,system,2026-04-19 00:00:00
214,2091,Spatula,Kitchen,2026-05-15,Weekly,18,70.05,1.0,Growing,74,1.08,1.08,Business Growth Forecast (8% Monthly),7,,,system,2026-04-24 00:00:00
215,2091,Spatula,Kitchen,2026-05-22,Weekly,18,69.84,1.0,Growing,74,1.08,1.08,Business Growth Forecast (8% Monthly),7,,,system,2026-04-14 00:00:00
216,2091,Spatula,Kitchen,2026-06-01,Monthly,86,72.95,1.0,Growing,74,1.08,1.166,Business Growth Forecast (8% Monthly),30,,,system,2026-04-06 00:00:00
217,2091,Spatula,Kitchen,2026-07-01,Monthly,93,72.95,1.0,Growing,74,1.08,1.26,Business Growth Forecast (8% Monthly),30,,,system,2026-04-20 00:00:00
218,2101,Measuring Cup Set,Kitchen,2026-05-01,Monthly,96,75.24,1.0,Growing,89,1.08,1.08,Business Growth Forecast (8% Monthly),30,,,system,2026-04-02 00:00:00
219,2101,Measuring Cup Set,Kitchen,2026-05-01,Weekly,22,75.75,1.0,Growing,89,1.08,1.08,Business Growth Forecast (8% Monthly),7,,,system,2026-04-24 00:00:00
220,2101,Measuring Cup Set,Kitchen,2026-05-08,Weekly,22,76.13,1.0,Growing,89,1.08,1.08,Business Growth Forecast (8% Monthly),7,,,system,2026-04-17 00:00:00
221,2101,Measuring Cup Set,Kitchen,2026-05-15,Weekly,22,79.72,1.0,Growing,89,1.08,1.08,Business Growth Forecast (8% Monthly),7,,,system,2026-04-01 00:00:00
222,2101,Measuring Cup Set,Kitchen,2026-05-22,Weekly,22,71.41,1.0,Growing,89,1.08,1.08,Business Growth Forecast (8% Monthly),7,,,system,2026-04-03 00:00:00
223,2101,Measuring Cup Set,Kitchen,2026-06-01,Monthly,103,75.24,1.0,Growing,89,1.08,1.166,Business Growth Forecast (8% Monthly),30,,,system,2026-04-22 00:00:00
224,2101,Measuring Cup Set,Kitchen,2026-07-01,Monthly,112,75.24,1.0,Growing,89,1.08,1.26,Business Growth Forecast (8% Monthly),30,,,system,2026-04-10 00:00:00
225,2111,High-Speed Blender,Kitchen,2026-05-01,Monthly,70,64.35,1.0,Growing,65,1.08,1.08,Business Growth Forecast (8% Monthly),30,,,system,2026-04-21 00:00:00
226,2111,High-Speed Blender,Kitchen,2026-05-01,Weekly,16,66.39,1.0,Growing,65,1.08,1.08,Business Growth Forecast (8% Monthly),7,,,system,2026-04-13 00:00:00
227,2111,High-Speed Blender,Kitchen,2026-05-08,Weekly,16,68.16,1.0,Growing,65,1.08,1.08,Business Growth Forecast (8% Monthly),7,,,system,2026-04-14 00:00:00
228,2111,High-Speed Blender,Kitchen,2026-05-15,Weekly,16,62.21,1.0,Growing,65,1.08,1.08,Business Growth Forecast (8% Monthly),7,,,system,2026-04-28 00:00:00
229,2111,High-Speed Blender,Kitchen,2026-05-22,Weekly,16,62.31,1.0,Growing,65,1.08,1.08,Business Growth Forecast (8% Monthly),7,,,system,2026-03-31 00:00:00
230,2111,High-Speed Blender,Kitchen,2026-06-01,Monthly,75,64.35,1.0,Growing,65,1.08,1.166,Business Growth Forecast (8% Monthly),30,,,system,2026-04-28 00:00:00
231,2111,High-Speed Blender,Kitchen,2026-07-01,Monthly,81,64.35,1.0,Growing,65,1.08,1.26,Business Growth Forecast (8% Monthly),30,,,system,2026-04-03 00:00:00
232,2112,4-Slice Toaster,Kitchen,2026-05-01,Monthly,86,78.68,1.0,Growing,80,1.08,1.08,Business Growth Forecast (8% Monthly),30,,,system,2026-04-14 00:00:00
233,2112,4-Slice Toaster,Kitchen,2026-05-01,Weekly,20,83.27,1.0,Growing,80,1.08,1.08,Business Growth Forecast (8% Monthly),7,,,system,2026-04-26 00:00:00
234,2112,4-Slice Toaster,Kitchen,2026-05-08,Weekly,20,78.52,1.0,Growing,80,1.08,1.08,Business Growth Forecast (8% Monthly),7,,,system,2026-04-15 00:00:00
235,2112,4-Slice Toaster,Kitchen,2026-05-15,Weekly,20,75.39,1.0,Growing,80,1.08,1.08,Business Growth Forecast (8% Monthly),7,,,system,2026-04-12 00:00:00
236,2112,4-Slice Toaster,Kitchen,2026-05-22,Weekly,20,82.6,1.0,Growing,80,1.08,1.08,Business Growth Forecast (8% Monthly),7,,,system,2026-04-11 00:00:00
237,2112,4-Slice Toaster,Kitchen,2026-06-01,Monthly,93,78.68,1.0,Growing,80,1.08,1.166,Business Growth Forecast (8% Monthly),30,,,system,2026-04-09 00:00:00
238,2112,4-Slice Toaster,Kitchen,2026-07-01,Monthly,100,78.68,1.0,Growing,80,1.08,1.26,Business Growth Forecast (8% Monthly),30,,,system,2026-04-26 00:00:00
239,2121,Bamboo Cutting Board Set,Kitchen,2026-05-01,Monthly,89,63.45,1.0,Growing,83,1.08,1.08,Business Growth Forecast (8% Monthly),30,,,system,2026-04-02 00:00:00
240,2121,Bamboo Cutting Board Set,Kitchen,2026-05-01,Weekly,20,63.83,1.0,Growing,83,1.08,1.08,Business Growth Forecast (8% Monthly),7,,,system,2026-04-11 00:00:00
241,2121,Bamboo Cutting Board Set,Kitchen,2026-05-08,Weekly,20,61.49,1.0,Growing,83,1.08,1.08,Business Growth Forecast (8% Monthly),7,,,system,2026-04-28 00:00:00
242,2121,Bamboo Cutting Board Set,Kitchen,2026-05-15,Weekly,20,60.31,1.0,Growing,83,1.08,1.08,Business Growth Forecast (8% Monthly),7,,,system,2026-04-28 00:00:00
243,2121,Bamboo Cutting Board Set,Kitchen,2026-05-22,Weekly,20,66.98,1.0,Growing,83,1.08,1.08,Business Growth Forecast (8% Monthly),7,,,system,2026-04-01 00:00:00
244,2121,Bamboo Cutting Board Set,Kitchen,2026-06-01,Monthly,96,63.45,1.0,Growing,83,1.08,1.166,Business Growth Forecast (8% Monthly),30,,,system,2026-04-14 00:00:00
245,2121,Bamboo Cutting Board Set,Kitchen,2026-07-01,Monthly,104,63.45,1.0,Growing,83,1.08,1.26,Business Growth Forecast (8% Monthly),30,,,system,2026-04-27 00:00:00
246,3011,Alpine Pro Racing Skis - 170cm,Ski,2026-05-01,Monthly,95,78.71,1.0,Growing,88,1.08,1.08,Business Growth Forecast (8% Monthly),30,,,system,2026-04-26 00:00:00
247,3011,Alpine Pro Racing Skis - 170cm,Ski,2026-05-01,Weekly,22,75.69,1.0,Growing,88,1.08,1.08,Business Growth Forecast (8% Monthly),7,,,system,2026-04-20 00:00:00
248,3011,Alpine Pro Racing Skis - 170cm,Ski,2026-05-08,Weekly,22,76.36,1.0,Growing,88,1.08,1.08,Business Growth Forecast (8% Monthly),7,,,system,2026-04-12 00:00:00
249,3011,Alpine Pro Racing Skis - 170cm,Ski,2026-05-15,Weekly,22,82.52,1.0,Growing,88,1.08,1.08,Business Growth Forecast (8% Monthly),7,,,system,2026-04-13 00:00:00
250,3011,Alpine Pro Racing Skis - 170cm,Ski,2026-05-22,Weekly,22,74.44,1.0,Growing,88,1.08,1.08,Business Growth Forecast (8% Monthly),7,,,system,2026-04-26 00:00:00
251,3011,Alpine Pro Racing Skis - 170cm,Ski,2026-06-01,Monthly,102,78.71,1.0,Growing,88,1.08,1.166,Business Growth Forecast (8% Monthly),30,,,system,2026-04-21 00:00:00
252,3011,Alpine Pro Racing Skis - 170cm,Ski,2026-07-01,Monthly,110,78.71,1.0,Growing,88,1.08,1.26,Business Growth Forecast (8% Monthly),30,,,system,2026-04-20 00:00:00
253,3012,Mountain Master All-Terrain Skis - 165cm,Ski,2026-05-01,Monthly,86,70.91,1.0,Growing,80,1.08,1.08,Business Growth Forecast (8% Monthly),30,,,system,2026-04-06 00:00:00
254,3012,Mountain Master All-Terrain Skis - 165cm,Ski,2026-05-01,Weekly,20,74.67,1.0,Growing,80,1.08,1.08,Business Growth Forecast (8% Monthly),7,,,system,2026-04-27 00:00:00
255,3012,Mountain Master All-Terrain Skis - 165cm,Ski,2026-05-08,Weekly,20,74.42,1.0,Growing,80,1.08,1.08,Business Growth Forecast (8% Monthly),7,,,system,2026-04-13 00:00:00
256,3012,Mountain Master All-Terrain Skis - 165cm,Ski,2026-05-15,Weekly,20,68.24,1.0,Growing,80,1.08,1.08,Business Growth Forecast (8% Monthly),7,,,system,2026-04-14 00:00:00
257,3012,Mountain Master All-Terrain Skis - 165cm,Ski,2026-05-22,Weekly,20,75.33,1.0,Growing,80,1.08,1.08,Business Growth Forecast (8% Monthly),7,,,system,2026-04-18 00:00:00
258,3012,Mountain Master All-Terrain Skis - 165cm,Ski,2026-06-01,Monthly,93,70.91,1.0,Growing,80,1.08,1.166,Business Growth Forecast (8% Monthly),30,,,system,2026-04-23 00:00:00
259,3012,Mountain Master All-Terrain Skis - 165cm,Ski,2026-07-01,Monthly,100,70.91,1.0,Growing,80,1.08,1.26,Business Growth Forecast (8% Monthly),30,,,system,2026-04-14 00:00:00
260,3013,Beginner's Choice Alpine Skis - 160cm,Ski,2026-05-01,Monthly,120,60.35,1.0,Growing,112,1.08,1.08,Business Growth Forecast (8% Monthly),30,,,system,2026-04-20 00:00:00
261,3013,Beginner's Choice Alpine Skis - 160cm,Ski,2026-05-01,Weekly,27,59.59,1.0,Growing,112,1.08,1.08,Business Growth Forecast (8% Monthly),7,,,system,2026-04-01 00:00:00
262,3013,Beginner's Choice Alpine Skis - 160cm,Ski,2026-05-08,Weekly,27,55.86,1.0,Growing,112,1.08,1.08,Business Growth Forecast (8% Monthly),7,,,system,2026-04-14 00:00:00
263,3013,Beginner's Choice Alpine Skis - 160cm,Ski,2026-05-15,Weekly,27,61.24,1.0,Growing,112,1.08,1.08,Business Growth Forecast (8% Monthly),7,,,system,2026-04-06 00:00:00
264,3013,Beginner's Choice Alpine Skis - 160cm,Ski,2026-05-22,Weekly,27,58.34,1.0,Growing,112,1.08,1.08,Business Growth Forecast (8% Monthly),7,,,system,2026-04-24 00:00:00
265,3013,Beginner's Choice Alpine Skis - 160cm,Ski,2026-06-01,Monthly,130,60.35,1.0,Growing,112,1.08,1.166,Business Growth Forecast (8% Monthly),30,,,system,2026-03-31 00:00:00
266,3013,Beginner's Choice Alpine Skis - 160cm,Ski,2026-07-01,Monthly,141,60.35,1.0,Growing,112,1.08,1.26,Business Growth Forecast (8% Monthly),30,,,system,2026-04-01 00:00:00
267,3021,Nordic Classic XC Skis - 185cm,Ski,2026-05-01,Monthly,65,70.46,1.0,Growing,61,1.08,1.08,Business Growth Forecast (8% Monthly),30,,,system,2026-04-07 00:00:00
268,3021,Nordic Classic XC Skis - 185cm,Ski,2026-05-01,Weekly,15,70.73,1.0,Growing,61,1.08,1.08,Business Growth Forecast (8% Monthly),7,,,system,2026-04-26 00:00:00
269,3021,Nordic Classic XC Skis - 185cm,Ski,2026-05-08,Weekly,15,68.93,1.0,Growing,61,1.08,1.08,Business Growth Forecast (8% Monthly),7,,,system,2026-04-17 00:00:00
270,3021,Nordic Classic XC Skis - 185cm,Ski,2026-05-15,Weekly,15,66.98,1.0,Growing,61,1.08,1.08,Business Growth Forecast (8% Monthly),7,,,system,2026-04-19 00:00:00
271,3021,Nordic Classic XC Skis - 185cm,Ski,2026-05-22,Weekly,15,75.22,1.0,Growing,61,1.08,1.08,Business Growth Forecast (8% Monthly),7,,,system,2026-04-28 00:00:00
272,3021,Nordic Classic XC Skis - 185cm,Ski,2026-06-01,Monthly,71,70.46,1.0,Growing,61,1.08,1.166,Business Growth Forecast (8% Monthly),30,,,system,2026-04-06 00:00:00
273,3021,Nordic Classic XC Skis - 185cm,Ski,2026-07-01,Monthly,76,70.46,1.0,Growing,61,1.08,1.26,Business Growth Forecast (8% Monthly),30,,,system,2026-04-29 00:00:00
274,3022,Backcountry Explorer XC Skis - 190cm,Ski,2026-05-01,Monthly,108,79.98,1.0,Growing,100,1.08,1.08,Business Growth Forecast (8% Monthly),30,,,system,2026-04-29 00:00:00
275,3022,Backcountry Explorer XC Skis - 190cm,Ski,2026-05-01,Weekly,25,83.44,1.0,Growing,100,1.08,1.08,Business Growth Forecast (8% Monthly),7,,,system,2026-04-04 00:00:00
276,3022,Backcountry Explorer XC Skis - 190cm,Ski,2026-05-08,Weekly,25,81.98,1.0,Growing,100,1.08,1.08,Business Growth Forecast (8% Monthly),7,,,system,2026-04-10 00:00:00
277,3022,Backcountry Explorer XC Skis - 190cm,Ski,2026-05-15,Weekly,25,84.46,1.0,Growing,100,1.08,1.08,Business Growth Forecast (8% Monthly),7,,,system,2026-04-19 00:00:00
278,3022,Backcountry Explorer XC Skis - 190cm,Ski,2026-05-22,Weekly,25,79.79,1.0,Growing,100,1.08,1.08,Business Growth Forecast (8% Monthly),7,,,system,2026-04-06 00:00:00
279,3022,Backcountry Explorer XC Skis - 190cm,Ski,2026-06-01,Monthly,116,79.98,1.0,Growing,100,1.08,1.166,Business Growth Forecast (8% Monthly),30,,,system,2026-04-25 00:00:00
280,3022,Backcountry Explorer XC Skis - 190cm,Ski,2026-07-01,Monthly,125,79.98,1.0,Growing,100,1.08,1.26,Business Growth Forecast (8% Monthly),30,,,system,2026-04-09 00:00:00
281,3031,Pro Flex Racing Ski Boots,Ski,2026-05-01,Monthly,72,72.36,1.0,Growing,67,1.08,1.08,Business Growth Forecast (8% Monthly),30,,,system,2026-04-28 00:00:00
282,3031,Pro Flex Racing Ski Boots,Ski,2026-05-01,Weekly,16,72.21,1.0,Growing,67,1.08,1.08,Business Growth Forecast (8% Monthly),7,,,system,2026-04-25 00:00:00
283,3031,Pro Flex Racing Ski Boots,Ski,2026-05-08,Weekly,16,75.98,1.0,Growing,67,1.08,1.08,Business Growth Forecast (8% Monthly),7,,,system,2026-04-15 00:00:00
284,3031,Pro Flex Racing Ski Boots,Ski,2026-05-15,Weekly,16,70.63,1.0,Growing,67,1.08,1.08,Business Growth Forecast (8% Monthly),7,,,system,2026-04-02 00:00:00
285,3031,Pro Flex Racing Ski Boots,Ski,2026-05-22,Weekly,16,70.86,1.0,Growing,67,1.08,1.08,Business Growth Forecast (8% Monthly),7,,,system,2026-04-26 00:00:00
286,3031,Pro Flex Racing Ski Boots,Ski,2026-06-01,Monthly,78,72.36,1.0,Growing,67,1.08,1.166,Business Growth Forecast (8% Monthly),30,,,system,2026-03-31 00:00:00
287,3031,Pro Flex Racing Ski Boots,Ski,2026-07-01,Monthly,84,72.36,1.0,Growing,67,1.08,1.26,Business Growth Forecast (8% Monthly),30,,,system,2026-04-12 00:00:00
288,3032,Comfort Fit Recreational Boots,Ski,2026-05-01,Monthly,128,77.67,1.0,Growing,119,1.08,1.08,Business Growth Forecast (8% Monthly),30,,,system,2026-04-20 00:00:00
289,3032,Comfort Fit Recreational Boots,Ski,2026-05-01,Weekly,29,73.18,1.0,Growing,119,1.08,1.08,Business Growth Forecast (8% Monthly),7,,,system,2026-04-23 00:00:00
290,3032,Comfort Fit Recreational Boots,Ski,2026-05-08,Weekly,29,73.7,1.0,Growing,119,1.08,1.08,Business Growth Forecast (8% Monthly),7,,,system,2026-04-08 00:00:00
291,3032,Comfort Fit Recreational Boots,Ski,2026-05-15,Weekly,29,72.81,1.0,Growing,119,1.08,1.08,Business Growth Forecast (8% Monthly),7,,,system,2026-04-13 00:00:00
292,3032,Comfort Fit Recreational Boots,Ski,2026-05-22,Weekly,29,73.81,1.0,Growing,119,1.08,1.08,Business Growth Forecast (8% Monthly),7,,,system,2026-04-03 00:00:00
293,3032,Comfort Fit Recreational Boots,Ski,2026-06-01,Monthly,138,77.67,1.0,Growing,119,1.08,1.166,Business Growth Forecast (8% Monthly),30,,,system,2026-04-13 00:00:00
294,3032,Comfort Fit Recreational Boots,Ski,2026-07-01,Monthly,149,77.67,1.0,Growing,119,1.08,1.26,Business Growth Forecast (8% Monthly),30,,,system,2026-04-15 00:00:00
295,3033,Women's Performance Ski Boots,Ski,2026-05-01,Monthly,120,62.01,1.0,Growing,112,1.08,1.08,Business Growth Forecast (8% Monthly),30,,,system,2026-04-20 00:00:00
296,3033,Women's Performance Ski Boots,Ski,2026-05-01,Weekly,27,59.15,1.0,Growing,112,1.08,1.08,Business Growth Forecast (8% Monthly),7,,,system,2026-04-20 00:00:00
297,3033,Women's Performance Ski Boots,Ski,2026-05-08,Weekly,27,58.46,1.0,Growing,112,1.08,1.08,Business Growth Forecast (8% Monthly),7,,,system,2026-04-15 00:00:00
298,3033,Women's Performance Ski Boots,Ski,2026-05-15,Weekly,27,59.18,1.0,Growing,112,1.08,1.08,Business Growth Forecast (8% Monthly),7,,,system,2026-04-13 00:00:00
299,3033,Women's Performance Ski Boots,Ski,2026-05-22,Weekly,27,65.5,1.0,Growing,112,1.08,1.08,Business Growth Forecast (8% Monthly),7,,,system,2026-04-29 00:00:00
300,3033,Women's Performance Ski Boots,Ski,2026-06-01,Monthly,130,62.01,1.0,Growing,112,1.08,1.166,Business Growth Forecast (8% Monthly),30,,,system,2026-04-09 00:00:00
301,3033,Women's Performance Ski Boots,Ski,2026-07-01,Monthly,141,62.01,1.0,Growing,112,1.08,1.26,Business Growth Forecast (8% Monthly),30,,,system,2026-04-14 00:00:00
302,3041,Carbon Fiber Racing Poles - 120cm,Ski,2026-05-01,Monthly,111,69.13,1.0,Growing,103,1.08,1.08,Business Growth Forecast (8% Monthly),30,,,system,2026-04-14 00:00:00
303,3041,Carbon Fiber Racing Poles - 120cm,Ski,2026-05-01,Weekly,25,64.72,1.0,Growing,103,1.08,1.08,Business Growth Forecast (8% Monthly),7,,,system,2026-04-01 00:00:00
304,3041,Carbon Fiber Racing Poles - 120cm,Ski,2026-05-08,Weekly,25,66.53,1.0,Growing,103,1.08,1.08,Business Growth Forecast (8% Monthly),7,,,system,2026-04-09 00:00:00
305,3041,Carbon Fiber Racing Poles - 120cm,Ski,2026-05-15,Weekly,25,64.71,1.0,Growing,103,1.08,1.08,Business Growth Forecast (8% Monthly),7,,,system,2026-04-18 00:00:00
306,3041,Carbon Fiber Racing Poles - 120cm,Ski,2026-05-22,Weekly,25,70.43,1.0,Growing,103,1.08,1.08,Business Growth Forecast (8% Monthly),7,,,system,2026-04-04 00:00:00
307,3041,Carbon Fiber Racing Poles - 120cm,Ski,2026-06-01,Monthly,120,69.13,1.0,Growing,103,1.08,1.166,Business Growth Forecast (8% Monthly),30,,,system,2026-04-14 00:00:00
308,3041,Carbon Fiber Racing Poles - 120cm,Ski,2026-07-01,Monthly,129,69.13,1.0,Growing,103,1.08,1.26,Business Growth Forecast (8% Monthly),30,,,system,2026-04-29 00:00:00
309,3042,Aluminum All-Mountain Poles - 115cm,Ski,2026-05-01,Monthly,101,71.06,1.0,Growing,94,1.08,1.08,Business Growth Forecast (8% Monthly),30,,,system,2026-04-27 00:00:00
310,3042,Aluminum All-Mountain Poles - 115cm,Ski,2026-05-01,Weekly,23,74.12,1.0,Growing,94,1.08,1.08,Business Growth Forecast (8% Monthly),7,,,system,2026-04-29 00:00:00
311,3042,Aluminum All-Mountain Poles - 115cm,Ski,2026-05-08,Weekly,23,70.21,1.0,Growing,94,1.08,1.08,Business Growth Forecast (8% Monthly),7,,,system,2026-03-31 00:00:00
312,3042,Aluminum All-Mountain Poles - 115cm,Ski,2026-05-15,Weekly,23,74.87,1.0,Growing,94,1.08,1.08,Business Growth Forecast (8% Monthly),7,,,system,2026-04-11 00:00:00
313,3042,Aluminum All-Mountain Poles - 115cm,Ski,2026-05-22,Weekly,23,68.96,1.0,Growing,94,1.08,1.08,Business Growth Forecast (8% Monthly),7,,,system,2026-04-25 00:00:00
314,3042,Aluminum All-Mountain Poles - 115cm,Ski,2026-06-01,Monthly,109,71.06,1.0,Growing,94,1.08,1.166,Business Growth Forecast (8% Monthly),30,,,system,2026-04-13 00:00:00
315,3042,Aluminum All-Mountain Poles - 115cm,Ski,2026-07-01,Monthly,118,71.06,1.0,Growing,94,1.08,1.26,Business Growth Forecast (8% Monthly),30,,,system,2026-04-06 00:00:00
316,3051,Insulated Ski Jacket - Men's,Ski,2026-05-01,Monthly,98,77.77,1.0,Growing,91,1.08,1.08,Business Growth Forecast (8% Monthly),30,,,system,2026-04-28 00:00:00
317,3051,Insulated Ski Jacket - Men's,Ski,2026-05-01,Weekly,22,77.78,1.0,Growing,91,1.08,1.08,Business Growth Forecast (8% Monthly),7,,,system,2026-04-15 00:00:00
318,3051,Insulated Ski Jacket - Men's,Ski,2026-05-08,Weekly,22,77.65,1.0,Growing,91,1.08,1.08,Business Growth Forecast (8% Monthly),7,,,system,2026-04-16 00:00:00
319,3051,Insulated Ski Jacket - Men's,Ski,2026-05-15,Weekly,22,73.41,1.0,Growing,91,1.08,1.08,Business Growth Forecast (8% Monthly),7,,,system,2026-04-20 00:00:00
320,3051,Insulated Ski Jacket - Men's,Ski,2026-05-22,Weekly,22,73.55,1.0,Growing,91,1.08,1.08,Business Growth Forecast (8% Monthly),7,,,system,2026-04-07 00:00:00
321,3051,Insulated Ski Jacket - Men's,Ski,2026-06-01,Monthly,106,77.77,1.0,Growing,91,1.08,1.166,Business Growth Forecast (8% Monthly),30,,,system,2026-04-04 00:00:00
322,3051,Insulated Ski Jacket - Men's,Ski,2026-07-01,Monthly,114,77.77,1.0,Growing,91,1.08,1.26,Business Growth Forecast (8% Monthly),30,,,system,2026-04-03 00:00:00
323,3052,Thermal Base Layer Set - Women's,Ski,2026-05-01,Monthly,83,62.43,1.0,Growing,77,1.08,1.08,Business Growth Forecast (8% Monthly),30,,,system,2026-04-23 00:00:00
324,3052,Thermal Base Layer Set - Women's,Ski,2026-05-01,Weekly,19,59.86,1.0,Growing,77,1.08,1.08,Business Growth Forecast (8% Monthly),7,,,system,2026-04-14 00:00:00
325,3052,Thermal Base Layer Set - Women's,Ski,2026-05-08,Weekly,19,63.61,1.0,Growing,77,1.08,1.08,Business Growth Forecast (8% Monthly),7,,,system,2026-03-31 00:00:00
326,3052,Thermal Base Layer Set - Women's,Ski,2026-05-15,Weekly,19,61.79,1.0,Growing,77,1.08,1.08,Business Growth Forecast (8% Monthly),7,,,system,2026-04-08 00:00:00
327,3052,Thermal Base Layer Set - Women's,Ski,2026-05-22,Weekly,19,59.47,1.0,Growing,77,1.08,1.08,Business Growth Forecast (8% Monthly),7,,,system,2026-04-21 00:00:00
328,3052,Thermal Base Layer Set - Women's,Ski,2026-06-01,Monthly,89,62.43,1.0,Growing,77,1.08,1.166,Business Growth Forecast (8% Monthly),30,,,system,2026-04-18 00:00:00
329,3052,Thermal Base Layer Set - Women's,Ski,2026-07-01,Monthly,96,62.43,1.0,Growing,77,1.08,1.26,Business Growth Forecast (8% Monthly),30,,,system,2026-03-31 00:00:00
330,3053,Waterproof Ski Pants,Ski,2026-05-01,Monthly,103,78.89,1.0,Growing,96,1.08,1.08,Business Growth Forecast (8% Monthly),30,,,system,2026-04-07 00:00:00
331,3053,Waterproof Ski Pants,Ski,2026-05-01,Weekly,23,77.7,1.0,Growing,96,1.08,1.08,Business Growth Forecast (8% Monthly),7,,,system,2026-04-20 00:00:00
332,3053,Waterproof Ski Pants,Ski,2026-05-08,Weekly,23,81.12,1.0,Growing,96,1.08,1.08,Business Growth Forecast (8% Monthly),7,,,system,2026-04-22 00:00:00
333,3053,Waterproof Ski Pants,Ski,2026-05-15,Weekly,23,77.57,1.0,Growing,96,1.08,1.08,Business Growth Forecast (8% Monthly),7,,,system,2026-04-07 00:00:00
334,3053,Waterproof Ski Pants,Ski,2026-05-22,Weekly,23,78.26,1.0,Growing,96,1.08,1.08,Business Growth Forecast (8% Monthly),7,,,system,2026-04-19 00:00:00
335,3053,Waterproof Ski Pants,Ski,2026-06-01,Monthly,111,78.89,1.0,Growing,96,1.08,1.166,Business Growth Forecast (8% Monthly),30,,,system,2026-04-23 00:00:00
336,3053,Waterproof Ski Pants,Ski,2026-07-01,Monthly,120,78.89,1.0,Growing,96,1.08,1.26,Business Growth Forecast (8% Monthly),30,,,system,2026-04-07 00:00:00
337,3061,Professional Ski Helmet,Ski,2026-05-01,Monthly,95,65.42,1.0,Growing,88,1.08,1.08,Business Growth Forecast (8% Monthly),30,,,system,2026-04-14 00:00:00
338,3061,Professional Ski Helmet,Ski,2026-05-01,Weekly,22,66.69,1.0,Growing,88,1.08,1.08,Business Growth Forecast (8% Monthly),7,,,system,2026-04-22 00:00:00
339,3061,Professional Ski Helmet,Ski,2026-05-08,Weekly,22,67.32,1.0,Growing,88,1.08,1.08,Business Growth Forecast (8% Monthly),7,,,system,2026-04-25 00:00:00
340,3061,Professional Ski Helmet,Ski,2026-05-15,Weekly,22,62.66,1.0,Growing,88,1.08,1.08,Business Growth Forecast (8% Monthly),7,,,system,2026-04-28 00:00:00
341,3061,Professional Ski Helmet,Ski,2026-05-22,Weekly,22,66.22,1.0,Growing,88,1.08,1.08,Business Growth Forecast (8% Monthly),7,,,system,2026-04-11 00:00:00
342,3061,Professional Ski Helmet,Ski,2026-06-01,Monthly,102,65.42,1.0,Growing,88,1.08,1.166,Business Growth Forecast (8% Monthly),30,,,system,2026-04-11 00:00:00
343,3061,Professional Ski Helmet,Ski,2026-07-01,Monthly,110,65.42,1.0,Growing,88,1.08,1.26,Business Growth Forecast (8% Monthly),30,,,system,2026-04-14 00:00:00
344,3062,Anti-Fog Ski Goggles,Ski,2026-05-01,Monthly,106,76.52,1.0,Growing,99,1.08,1.08,Business Growth Forecast (8% Monthly),30,,,system,2026-04-01 00:00:00
345,3062,Anti-Fog Ski Goggles,Ski,2026-05-01,Weekly,24,79.73,1.0,Growing,99,1.08,1.08,Business Growth Forecast (8% Monthly),7,,,system,2026-04-29 00:00:00
346,3062,Anti-Fog Ski Goggles,Ski,2026-05-08,Weekly,24,80.18,1.0,Growing,99,1.08,1.08,Business Growth Forecast (8% Monthly),7,,,system,2026-04-08 00:00:00
347,3062,Anti-Fog Ski Goggles,Ski,2026-05-15,Weekly,24,79.16,1.0,Growing,99,1.08,1.08,Business Growth Forecast (8% Monthly),7,,,system,2026-04-16 00:00:00
348,3062,Anti-Fog Ski Goggles,Ski,2026-05-22,Weekly,24,81.08,1.0,Growing,99,1.08,1.08,Business Growth Forecast (8% Monthly),7,,,system,2026-04-21 00:00:00
349,3062,Anti-Fog Ski Goggles,Ski,2026-06-01,Monthly,115,76.52,1.0,Growing,99,1.08,1.166,Business Growth Forecast (8% Monthly),30,,,system,2026-04-23 00:00:00
350,3062,Anti-Fog Ski Goggles,Ski,2026-07-01,Monthly,124,76.52,1.0,Growing,99,1.08,1.26,Business Growth Forecast (8% Monthly),30,,,system,2026-04-15 00:00:00
351,3071,Ski Boot Bag - Premium,Ski,2026-05-01,Monthly,96,73.29,1.0,Growing,89,1.08,1.08,Business Growth Forecast (8% Monthly),30,,,system,2026-04-21 00:00:00
352,3071,Ski Boot Bag - Premium,Ski,2026-05-01,Weekly,22,68.7,1.0,Growing,89,1.08,1.08,Business Growth Forecast (8% Monthly),7,,,system,2026-04-24 00:00:00
353,3071,Ski Boot Bag - Premium,Ski,2026-05-08,Weekly,22,72.64,1.0,Growing,89,1.08,1.08,Business Growth Forecast (8% Monthly),7,,,system,2026-04-22 00:00:00
354,3071,Ski Boot Bag - Premium,Ski,2026-05-15,Weekly,22,73.06,1.0,Growing,89,1.08,1.08,Business Growth Forecast (8% Monthly),7,,,system,2026-04-19 00:00:00
355,3071,Ski Boot Bag - Premium,Ski,2026-05-22,Weekly,22,77.53,1.0,Growing,89,1.08,1.08,Business Growth Forecast (8% Monthly),7,,,system,2026-04-01 00:00:00
356,3071,Ski Boot Bag - Premium,Ski,2026-06-01,Monthly,103,73.29,1.0,Growing,89,1.08,1.166,Business Growth Forecast (8% Monthly),30,,,system,2026-03-31 00:00:00
357,3071,Ski Boot Bag - Premium,Ski,2026-07-01,Monthly,112,73.29,1.0,Growing,89,1.08,1.26,Business Growth Forecast (8% Monthly),30,,,system,2026-04-03 00:00:00
358,3072,Hand Warmers - 10 Pack,Ski,2026-05-01,Monthly,102,64.83,1.0,Growing,95,1.08,1.08,Business Growth Forecast (8% Monthly),30,,,system,2026-04-01 00:00:00
359,3072,Hand Warmers - 10 Pack,Ski,2026-05-01,Weekly,23,68.71,1.0,Growing,95,1.08,1.08,Business Growth Forecast (8% Monthly),7,,,system,2026-04-20 00:00:00
360,3072,Hand Warmers - 10 Pack,Ski,2026-05-08,Weekly,23,69.08,1.0,Growing,95,1.08,1.08,Business Growth Forecast (8% Monthly),7,,,system,2026-04-20 00:00:00
361,3072,Hand Warmers - 10 Pack,Ski,2026-05-15,Weekly,23,68.22,1.0,Growing,95,1.08,1.08,Business Growth Forecast (8% Monthly),7,,,system,2026-04-28 00:00:00
362,3072,Hand Warmers - 10 Pack,Ski,2026-05-22,Weekly,23,60.05,1.0,Growing,95,1.08,1.08,Business Growth Forecast (8% Monthly),7,,,system,2026-04-04 00:00:00
363,3072,Hand Warmers - 10 Pack,Ski,2026-06-01,Monthly,110,64.83,1.0,Growing,95,1.08,1.166,Business Growth Forecast (8% Monthly),30,,,system,2026-04-12 00:00:00
364,3072,Hand Warmers - 10 Pack,Ski,2026-07-01,Monthly,119,64.83,1.0,Growing,95,1.08,1.26,Business Growth Forecast (8% Monthly),30,,,system,2026-04-25 00:00:00
365,3081,All-Temp Ski Wax Kit,Ski,2026-05-01,Monthly,124,77.32,1.0,Growing,115,1.08,1.08,Business Growth Forecast (8% Monthly),30,,,system,2026-04-14 00:00:00
366,3081,All-Temp Ski Wax Kit,Ski,2026-05-01,Weekly,28,74.73,1.0,Growing,115,1.08,1.08,Business Growth Forecast (8% Monthly),7,,,system,2026-04-19 00:00:00
367,3081,All-Temp Ski Wax Kit,Ski,2026-05-08,Weekly,28,77.21,1.0,Growing,115,1.08,1.08,Business Growth Forecast (8% Monthly),7,,,system,2026-04-23 00:00:00
368,3081,All-Temp Ski Wax Kit,Ski,2026-05-15,Weekly,28,81.47,1.0,Growing,115,1.08,1.08,Business Growth Forecast (8% Monthly),7,,,system,2026-04-18 00:00:00
369,3081,All-Temp Ski Wax Kit,Ski,2026-05-22,Weekly,28,78.25,1.0,Growing,115,1.08,1.08,Business Growth Forecast (8% Monthly),7,,,system,2026-04-07 00:00:00
370,3081,All-Temp Ski Wax Kit,Ski,2026-06-01,Monthly,134,77.32,1.0,Growing,115,1.08,1.166,Business Growth Forecast (8% Monthly),30,,,system,2026-04-09 00:00:00
371,3081,All-Temp Ski Wax Kit,Ski,2026-07-01,Monthly,144,77.32,1.0,Growing,115,1.08,1.26,Business Growth Forecast (8% Monthly),30,,,system,2026-04-09 00:00:00
372,3082,Edge Tuning Tool Set,Ski,2026-05-01,Monthly,109,76.64,1.0,Growing,101,1.08,1.08,Business Growth Forecast (8% Monthly),30,,,system,2026-04-10 00:00:00
373,3082,Edge Tuning Tool Set,Ski,2026-05-01,Weekly,25,79.67,1.0,Growing,101,1.08,1.08,Business Growth Forecast (8% Monthly),7,,,system,2026-04-16 00:00:00
374,3082,Edge Tuning Tool Set,Ski,2026-05-08,Weekly,25,74.82,1.0,Growing,101,1.08,1.08,Business Growth Forecast (8% Monthly),7,,,system,2026-04-16 00:00:00
375,3082,Edge Tuning Tool Set,Ski,2026-05-15,Weekly,25,73.7,1.0,Growing,101,1.08,1.08,Business Growth Forecast (8% Monthly),7,,,system,2026-04-25 00:00:00
376,3082,Edge Tuning Tool Set,Ski,2026-05-22,Weekly,25,80.86,1.0,Growing,101,1.08,1.08,Business Growth Forecast (8% Monthly),7,,,system,2026-04-08 00:00:00
377,3082,Edge Tuning Tool Set,Ski,2026-06-01,Monthly,117,76.64,1.0,Growing,101,1.08,1.166,Business Growth Forecast (8% Monthly),30,,,system,2026-04-11 00:00:00
378,3082,Edge Tuning Tool Set,Ski,2026-07-01,Monthly,127,76.64,1.0,Growing,101,1.08,1.26,Business Growth Forecast (8% Monthly),30,,,system,2026-04-07 00:00:00
379,3091,Freestyle Snowboard - 155cm,Ski,2026-05-01,Monthly,102,77.54,1.0,Growing,95,1.08,1.08,Business Growth Forecast (8% Monthly),30,,,system,2026-04-28 00:00:00
380,3091,Freestyle Snowboard - 155cm,Ski,2026-05-01,Weekly,23,81.92,1.0,Growing,95,1.08,1.08,Business Growth Forecast (8% Monthly),7,,,system,2026-04-25 00:00:00
381,3091,Freestyle Snowboard - 155cm,Ski,2026-05-08,Weekly,23,79.84,1.0,Growing,95,1.08,1.08,Business Growth Forecast (8% Monthly),7,,,system,2026-04-25 00:00:00
382,3091,Freestyle Snowboard - 155cm,Ski,2026-05-15,Weekly,23,73.57,1.0,Growing,95,1.08,1.08,Business Growth Forecast (8% Monthly),7,,,system,2026-04-05 00:00:00
383,3091,Freestyle Snowboard - 155cm,Ski,2026-05-22,Weekly,23,80.23,1.0,Growing,95,1.08,1.08,Business Growth Forecast (8% Monthly),7,,,system,2026-04-23 00:00:00
384,3091,Freestyle Snowboard - 155cm,Ski,2026-06-01,Monthly,110,77.54,1.0,Growing,95,1.08,1.166,Business Growth Forecast (8% Monthly),30,,,system,2026-04-29 00:00:00
385,3091,Freestyle Snowboard - 155cm,Ski,2026-07-01,Monthly,119,77.54,1.0,Growing,95,1.08,1.26,Business Growth Forecast (8% Monthly),30,,,system,2026-04-25 00:00:00
386,3092,All-Mountain Snowboard - 158cm,Ski,2026-05-01,Monthly,88,67.15,1.0,Growing,82,1.08,1.08,Business Growth Forecast (8% Monthly),30,,,system,2026-04-02 00:00:00
387,3092,All-Mountain Snowboard - 158cm,Ski,2026-05-01,Weekly,20,68.32,1.0,Growing,82,1.08,1.08,Business Growth Forecast (8% Monthly),7,,,system,2026-04-09 00:00:00
388,3092,All-Mountain Snowboard - 158cm,Ski,2026-05-08,Weekly,20,62.65,1.0,Growing,82,1.08,1.08,Business Growth Forecast (8% Monthly),7,,,system,2026-04-21 00:00:00
389,3092,All-Mountain Snowboard - 158cm,Ski,2026-05-15,Weekly,20,71.39,1.0,Growing,82,1.08,1.08,Business Growth Forecast (8% Monthly),7,,,system,2026-04-01 00:00:00
390,3092,All-Mountain Snowboard - 158cm,Ski,2026-05-22,Weekly,20,70.13,1.0,Growing,82,1.08,1.08,Business Growth Forecast (8% Monthly),7,,,system,2026-04-06 00:00:00
391,3092,All-Mountain Snowboard - 158cm,Ski,2026-06-01,Monthly,95,67.15,1.0,Growing,82,1.08,1.166,Business Growth Forecast (8% Monthly),30,,,system,2026-04-21 00:00:00
392,3092,All-Mountain Snowboard - 158cm,Ski,2026-07-01,Monthly,103,67.15,1.0,Growing,82,1.08,1.26,Business Growth Forecast (8% Monthly),30,,,system,2026-04-10 00:00:00
393,3101,Winter Boots - Insulated,Ski,2026-05-01,Monthly,74,74.81,1.0,Growing,69,1.08,1.08,Business Growth Forecast (8% Monthly),30,,,system,2026-04-21 00:00:00
394,3101,Winter Boots - Insulated,Ski,2026-05-01,Weekly,17,78.84,1.0,Growing,69,1.08,1.08,Business Growth Forecast (8% Monthly),7,,,system,2026-04-08 00:00:00
395,3101,Winter Boots - Insulated,Ski,2026-05-08,Weekly,17,75.01,1.0,Growing,69,1.08,1.08,Business Growth Forecast (8% Monthly),7,,,system,2026-04-13 00:00:00
396,3101,Winter Boots - Insulated,Ski,2026-05-15,Weekly,17,75.56,1.0,Growing,69,1.08,1.08,Business Growth Forecast (8% Monthly),7,,,system,2026-04-29 00:00:00
397,3101,Winter Boots - Insulated,Ski,2026-05-22,Weekly,17,77.6,1.0,Growing,69,1.08,1.08,Business Growth Forecast (8% Monthly),7,,,system,2026-04-09 00:00:00
398,3101,Winter Boots - Insulated,Ski,2026-06-01,Monthly,80,74.81,1.0,Growing,69,1.08,1.166,Business Growth Forecast (8% Monthly),30,,,system,2026-04-27 00:00:00
399,3101,Winter Boots - Insulated,Ski,2026-07-01,Monthly,86,74.81,1.0,Growing,69,1.08,1.26,Business Growth Forecast (8% Monthly),30,,,system,2026-04-02 00:00:00
400,3102,Winter Hiking Boots - Waterproof,Ski,2026-05-01,Monthly,83,79.16,1.0,Growing,77,1.08,1.08,Business Growth Forecast (8% Monthly),30,,,system,2026-04-16 00:00:00
401,3102,Winter Hiking Boots - Waterproof,Ski,2026-05-01,Weekly,19,80.19,1.0,Growing,77,1.08,1.08,Business Growth Forecast (8% Monthly),7,,,system,2026-04-18 00:00:00
402,3102,Winter Hiking Boots - Waterproof,Ski,2026-05-08,Weekly,19,84.0,1.0,Growing,77,1.08,1.08,Business Growth Forecast (8% Monthly),7,,,system,2026-04-23 00:00:00
403,3102,Winter Hiking Boots - Waterproof,Ski,2026-05-15,Weekly,19,78.31,1.0,Growing,77,1.08,1.08,Business Growth Forecast (8% Monthly),7,,,system,2026-04-28 00:00:00
404,3102,Winter Hiking Boots - Waterproof,Ski,2026-05-22,Weekly,19,80.6,1.0,Growing,77,1.08,1.08,Business Growth Forecast (8% Monthly),7,,,system,2026-04-11 00:00:00
405,3102,Winter Hiking Boots - Waterproof,Ski,2026-06-01,Monthly,89,79.16,1.0,Growing,77,1.08,1.166,Business Growth Forecast (8% Monthly),30,,,system,2026-04-06 00:00:00
406,3102,Winter Hiking Boots - Waterproof,Ski,2026-07-01,Monthly,96,79.16,1.0,Growing,77,1.08,1.26,Business Growth Forecast (8% Monthly),30,,,system,2026-03-31 00:00:00
407,3103,Snowboard Bindings - Pro,Ski,2026-05-01,Monthly,89,69.89,1.0,Growing,83,1.08,1.08,Business Growth Forecast (8% Monthly),30,,,system,2026-04-14 00:00:00
408,3103,Snowboard Bindings - Pro,Ski,2026-05-01,Weekly,20,69.31,1.0,Growing,83,1.08,1.08,Business Growth Forecast (8% Monthly),7,,,system,2026-04-03 00:00:00
409,3103,Snowboard Bindings - Pro,Ski,2026-05-08,Weekly,20,73.23,1.0,Growing,83,1.08,1.08,Business Growth Forecast (8% Monthly),7,,,system,2026-04-24 00:00:00
410,3103,Snowboard Bindings - Pro,Ski,2026-05-15,Weekly,20,67.16,1.0,Growing,83,1.08,1.08,Business Growth Forecast (8% Monthly),7,,,system,2026-04-10 00:00:00
411,3103,Snowboard Bindings - Pro,Ski,2026-05-22,Weekly,20,72.22,1.0,Growing,83,1.08,1.08,Business Growth Forecast (8% Monthly),7,,,system,2026-04-05 00:00:00
412,3103,Snowboard Bindings - Pro,Ski,2026-06-01,Monthly,96,69.89,1.0,Growing,83,1.08,1.166,Business Growth Forecast (8% Monthly),30,,,system,2026-04-24 00:00:00
413,3103,Snowboard Bindings - Pro,Ski,2026-07-01,Monthly,104,69.89,1.0,Growing,83,1.08,1.26,Business Growth Forecast (8% Monthly),30,,,system,2026-04-23 00:00:00
414,3104,Ski Tuning Bench - Portable,Ski,2026-05-01,Monthly,124,63.71,1.0,Growing,115,1.08,1.08,Business Growth Forecast (8% Monthly),30,,,system,2026-04-11 00:00:00
415,3104,Ski Tuning Bench - Portable,Ski,2026-05-01,Weekly,28,64.26,1.0,Growing,115,1.08,1.08,Business Growth Forecast (8% Monthly),7,,,system,2026-04-09 00:00:00
416,3104,Ski Tuning Bench - Portable,Ski,2026-05-08,Weekly,28,60.51,1.0,Growing,115,1.08,1.08,Business Growth Forecast (8% Monthly),7,,,system,2026-04-04 00:00:00
417,3104,Ski Tuning Bench - Portable,Ski,2026-05-15,Weekly,28,62.99,1.0,Growing,115,1.08,1.08,Business Growth Forecast (8% Monthly),7,,,system,2026-04-29 00:00:00
418,3104,Ski Tuning Bench - Portable,Ski,2026-05-22,Weekly,28,60.28,1.0,Growing,115,1.08,1.08,Business Growth Forecast (8% Monthly),7,,,system,2026-04-12 00:00:00
419,3104,Ski Tuning Bench - Portable,Ski,2026-06-01,Monthly,134,63.71,1.0,Growing,115,1.08,1.166,Business Growth Forecast (8% Monthly),30,,,system,2026-04-16 00:00:00
420,3104,Ski Tuning Bench - Portable,Ski,2026-07-01,Monthly,144,63.71,1.0,Growing,115,1.08,1.26,Business Growth Forecast (8% Monthly),30,,,system,2026-04-24 00:00:00
