PurchaseOrderItemID,PurchaseOrderID,PurchaseOrderNumber,ProductID,ProductName,ProductCategory,QuantityOrdered,QuantityReceived,UnitCost,LineTotal,Status,ExpectedDate,ReceivedDate,Notes,CreatedBy,CreatedDate
1,1,PO-2026-0001,2081,Food Storage Set,Kitchen,30,30.0,26.64,799.2,Received,2026-02-21,2026-02-22,Supplier SKU: PRO-2081,system,2026-02-08 11:10:37
2,1,PO-2026-0001,2112,4-Slice Toaster,Kitchen,8,8.0,69.59,556.72,Received,2026-02-21,2026-02-22,Supplier SKU: PRO-2112,system,2026-02-08 11:10:37
3,2,PO-2026-0002,2051,Ice Cream Bowl,Kitchen,8,,15.86,126.88,Shipped,2026-02-15,,Supplier SKU: PRO-2051,system,2026-02-07 11:10:37
4,3,PO-2026-0003,1523,TrailLite Daypack,Camping,34,34.0,52.82,1795.88,Received,2026-01-13,2026-01-14,Supplier SKU: CON-1523,system,2026-01-01 11:10:37
5,3,PO-2026-0003,1521,Adventurer Pro Backpack,Camping,136,136.0,117.87,16030.32,Received,2026-01-13,2026-01-14,Supplier SKU: CON-1521,system,2026-01-01 11:10:37
6,3,PO-2026-0003,1552,TrekMaster Camping Chair,Camping,22,22.0,53.14,1169.08,Received,2026-01-13,2026-01-14,Supplier SKU: CON-1552,system,2026-01-01 11:10:37
7,3,PO-2026-0003,1581,LED Headlamp - Rechargeable,Camping,82,82.0,47.01,3854.82,Received,2026-01-13,2026-01-14,Supplier SKU: CON-1581,system,2026-01-01 11:10:37
8,4,PO-2025-0004,2012,Espresso Machine,Kitchen,72,72.0,286.54,20630.88,Received,2026-01-02,2026-01-03,Supplier SKU: PRO-2012,system,2025-12-21 11:10:37
9,4,PO-2025-0004,2112,4-Slice Toaster,Kitchen,10,10.0,69.59,695.9,Received,2026-01-02,2026-01-03,Supplier SKU: PRO-2112,system,2025-12-21 11:10:37
10,4,PO-2025-0004,2071,Baking Pan,Kitchen,8,8.0,21.93,175.44,Received,2026-01-02,2026-01-03,Supplier SKU: PRO-2071,system,2025-12-21 11:10:37
11,4,PO-2025-0004,2101,Measuring Cup Set,Kitchen,44,44.0,14.49,637.56,Received,2026-01-02,2026-01-03,Supplier SKU: PRO-2101,system,2025-12-21 11:10:37
12,5,PO-2026-0005,2031,Coffee Mug,Kitchen,5,5.0,20.63,103.15,Received,2026-02-09,2026-02-18,Supplier SKU: PRO-2031,system,2026-01-26 11:10:37
13,5,PO-2026-0005,2061,Mixing Bowl,Kitchen,25,25.0,31.76,794.0,Received,2026-02-09,2026-02-18,Supplier SKU: PRO-2061,system,2026-01-26 11:10:37
14,5,PO-2026-0005,2112,4-Slice Toaster,Kitchen,14,14.0,69.59,974.26,Received,2026-02-09,2026-02-18,Supplier SKU: PRO-2112,system,2026-01-26 11:10:37
15,5,PO-2026-0005,2101,Measuring Cup Set,Kitchen,31,31.0,14.49,449.19,Received,2026-02-09,2026-02-18,Supplier SKU: PRO-2101,system,2026-01-26 11:10:37
16,6,PO-2026-0006,1521,Adventurer Pro Backpack,Camping,236,236.0,117.87,27817.32,Received,2026-01-25,2026-01-28,Supplier SKU: CON-1521,system,2026-01-17 11:10:37
17,6,PO-2026-0006,1563,CompactCook Camping Stove,Camping,5,5.0,63.08,315.4,Received,2026-01-25,2026-01-28,Supplier SKU: CON-1563,system,2026-01-17 11:10:37
18,6,PO-2026-0006,1581,LED Headlamp - Rechargeable,Camping,107,107.0,47.01,5030.07,Received,2026-01-25,2026-01-28,Supplier SKU: CON-1581,system,2026-01-17 11:10:37
19,7,PO-2026-0007,1562,PowerBurner Camping Stove,Camping,38,38.0,145.56,5531.28,Received,2026-03-06,2026-03-08,Supplier SKU: WOR-1562,system,2026-02-13 11:10:37
20,7,PO-2026-0007,1542,TrailWalker Hiking Shoes,Camping,211,211.0,84.74,17880.14,Received,2026-03-06,2026-03-08,Supplier SKU: WOR-1542,system,2026-02-13 11:10:37
21,8,PO-2026-0008,1511,Alpine Explorer Tent,Camping,5,5.0,353.49,1767.45,Received,2026-02-06,2026-02-08,Supplier SKU: WOR-1511,system,2026-01-17 11:10:37
22,8,PO-2026-0008,1561,EcoFire Camping Stove,Camping,1,1.0,82.2,82.2,Received,2026-02-06,2026-02-08,Supplier SKU: WOR-1561,system,2026-01-17 11:10:37
23,8,PO-2026-0008,1542,TrailWalker Hiking Shoes,Camping,101,101.0,84.74,8558.74,Received,2026-02-06,2026-02-08,Supplier SKU: WOR-1542,system,2026-01-17 11:10:37
24,8,PO-2026-0008,1562,PowerBurner Camping Stove,Camping,13,13.0,145.56,1892.28,Received,2026-02-06,2026-02-08,Supplier SKU: WOR-1562,system,2026-01-17 11:10:37
25,8,PO-2026-0008,1581,LED Headlamp - Rechargeable,Camping,4,4.0,54.29,217.16,Received,2026-02-06,2026-02-08,Supplier SKU: WOR-1581,system,2026-01-17 11:10:37
26,9,PO-2026-0009,3102,Winter Hiking Boots - Waterproof,Ski,121,121.0,182.63,22098.23,Received,2026-02-19,2026-02-21,Supplier SKU: FAB-3102,system,2026-02-07 11:10:37
27,9,PO-2026-0009,3013,Beginner's Choice Alpine Skis - 160cm,Ski,42,42.0,301.05,12644.1,Received,2026-02-19,2026-02-21,Supplier SKU: FAB-3013,system,2026-02-07 11:10:37
28,9,PO-2026-0009,3011,Alpine Pro Racing Skis - 170cm,Ski,1,0.0,1067.09,1067.09,Backordered,2026-02-19,2026-02-21,Supplier SKU: FAB-3011,system,2026-02-07 11:10:37
29,9,PO-2026-0009,3031,Pro Flex Racing Ski Boots,Ski,88,88.0,495.47,43601.36,Received,2026-02-19,2026-02-21,Supplier SKU: FAB-3031,system,2026-02-07 11:10:37
30,10,PO-2026-0010,2121,Bamboo Cutting Board Set,Kitchen,32,,31.46,1006.72,Pending,2026-03-18,,Supplier SKU: PRO-2121,system,2026-03-08 11:10:37
31,10,PO-2026-0010,2051,Ice Cream Bowl,Kitchen,15,,15.86,237.9,Pending,2026-03-18,,Supplier SKU: PRO-2051,system,2026-03-08 11:10:37
32,10,PO-2026-0010,2112,4-Slice Toaster,Kitchen,8,,69.59,556.72,Pending,2026-03-18,,Supplier SKU: PRO-2112,system,2026-03-08 11:10:37
33,10,PO-2026-0010,2091,Spatula,Kitchen,55,,8.83,485.65,Pending,2026-03-18,,Supplier SKU: PRO-2091,system,2026-03-08 11:10:37
34,10,PO-2026-0010,2022,Fork Set,Kitchen,25,,27.76,694.0,Pending,2026-03-18,,Supplier SKU: PRO-2022,system,2026-03-08 11:10:37
35,11,PO-2025-0011,3092,All-Mountain Snowboard - 158cm,Ski,16,16.0,511.74,8187.84,Received,2026-01-17,2026-01-18,Supplier SKU: ALP-3092,system,2025-12-31 11:10:37
36,11,PO-2025-0011,3021,Nordic Classic XC Skis - 185cm,Ski,82,82.0,233.42,19140.44,Received,2026-01-17,2026-01-18,Supplier SKU: ALP-3021,system,2025-12-31 11:10:37
37,11,PO-2025-0011,3053,Waterproof Ski Pants,Ski,5,3.0,173.38,866.9,Backordered,2026-01-17,2026-01-18,Supplier SKU: ALP-3053,system,2025-12-31 11:10:37
38,12,PO-2026-0012,1571,CozyNights Sleeping Bag,Camping,1,1.0,98.63,98.63,Received,2026-01-28,2026-01-28,Supplier SKU: CON-1571,system,2026-01-14 11:10:37
39,12,PO-2026-0012,1521,Adventurer Pro Backpack,Camping,94,94.0,117.87,11079.78,Received,2026-01-28,2026-01-28,Supplier SKU: CON-1521,system,2026-01-14 11:10:37
40,12,PO-2026-0012,1543,TrekStar Hiking Sandals,Camping,7,6.0,54.12,378.84,Backordered,2026-01-28,2026-01-28,Supplier SKU: CON-1543,system,2026-01-14 11:10:37
41,12,PO-2026-0012,1541,TrekReady Hiking Boots,Camping,48,48.0,137.96,6622.08,Received,2026-01-28,2026-01-28,Supplier SKU: CON-1541,system,2026-01-14 11:10:37
42,12,PO-2026-0012,1572,MountainDream Sleeping Bag,Camping,3,3.0,199.2,597.6,Received,2026-01-28,2026-01-28,Supplier SKU: CON-1572,system,2026-01-14 11:10:37
43,13,PO-2025-0013,1581,LED Headlamp - Rechargeable,Camping,104,104.0,47.01,4889.04,Received,2025-12-31,2026-01-03,Supplier SKU: CON-1581,system,2025-12-17 11:10:37
44,13,PO-2025-0013,1562,PowerBurner Camping Stove,Camping,30,30.0,147.27,4418.1,Received,2025-12-31,2026-01-03,Supplier SKU: CON-1562,system,2025-12-17 11:10:37
45,14,PO-2025-0014,3011,Alpine Pro Racing Skis - 170cm,Ski,3,2.0,1067.09,3201.27,Backordered,2026-01-08,2026-01-09,Supplier SKU: FAB-3011,system,2025-12-26 11:10:37
46,15,PO-2025-0015,1562,PowerBurner Camping Stove,Camping,43,43.0,145.56,6259.08,Received,2026-01-09,2026-01-10,Supplier SKU: WOR-1562,system,2025-12-18 11:10:37
47,15,PO-2025-0015,1572,MountainDream Sleeping Bag,Camping,33,33.0,209.41,6910.53,Received,2026-01-09,2026-01-10,Supplier SKU: WOR-1572,system,2025-12-18 11:10:37
48,15,PO-2025-0015,1522,SummitClimber Backpack,Camping,53,53.0,184.07,9755.71,Received,2026-01-09,2026-01-10,Supplier SKU: WOR-1522,system,2025-12-18 11:10:37
49,15,PO-2025-0015,1581,LED Headlamp - Rechargeable,Camping,2,2.0,54.29,108.58,Received,2026-01-09,2026-01-10,Supplier SKU: WOR-1581,system,2025-12-18 11:10:37
50,16,PO-2026-0016,1512,SkyView 2-Person Tent,Camping,1,1.0,237.35,237.35,Received,2026-02-05,2026-02-08,Supplier SKU: CON-1512,system,2026-01-22 11:10:37
51,17,PO-2026-0017,1562,PowerBurner Camping Stove,Camping,21,21.0,145.56,3056.76,Received,2026-02-18,2026-02-20,Supplier SKU: WOR-1562,system,2026-01-30 11:10:37
52,17,PO-2026-0017,1511,Alpine Explorer Tent,Camping,1,1.0,353.49,353.49,Received,2026-02-18,2026-02-20,Supplier SKU: WOR-1511,system,2026-01-30 11:10:37
53,18,PO-2025-0018,3012,Mountain Master All-Terrain Skis - 165cm,Ski,60,60.0,728.77,43726.2,Received,2026-01-11,2026-01-13,Supplier SKU: WOR-3012,system,2025-12-23 11:10:37
54,18,PO-2025-0018,1562,PowerBurner Camping Stove,Camping,20,20.0,145.56,2911.2,Received,2026-01-11,2026-01-13,Supplier SKU: WOR-1562,system,2025-12-23 11:10:37
55,19,PO-2026-0019,1543,TrekStar Hiking Sandals,Camping,21,21.0,54.12,1136.52,Received,2026-02-22,2026-02-25,Supplier SKU: CON-1543,system,2026-02-12 11:10:37
56,19,PO-2026-0019,1523,TrailLite Daypack,Camping,21,21.0,52.82,1109.22,Received,2026-02-22,2026-02-25,Supplier SKU: CON-1523,system,2026-02-12 11:10:37
57,19,PO-2026-0019,1551,BaseCamp Folding Table,Camping,44,44.0,68.19,3000.36,Received,2026-02-22,2026-02-25,Supplier SKU: CON-1551,system,2026-02-12 11:10:37
58,19,PO-2026-0019,1532,TrailBlaze Hiking Pants,Camping,44,44.0,62.58,2753.52,Received,2026-02-22,2026-02-25,Supplier SKU: CON-1532,system,2026-02-12 11:10:37
59,19,PO-2026-0019,1572,MountainDream Sleeping Bag,Camping,4,4.0,199.2,796.8,Received,2026-02-22,2026-02-25,Supplier SKU: CON-1572,system,2026-02-12 11:10:37
60,20,PO-2026-0020,3051,Insulated Ski Jacket - Men's,Ski,11,11.0,192.05,2112.55,Received,2026-02-21,2026-02-23,Supplier SKU: ALP-3051,system,2026-02-05 11:10:37
61,20,PO-2026-0020,3052,Thermal Base Layer Set - Women's,Ski,50,50.0,94.36,4718.0,Received,2026-02-21,2026-02-23,Supplier SKU: ALP-3052,system,2026-02-05 11:10:37
62,21,PO-2026-0021,3072,Hand Warmers - 10 Pack,Ski,34,34.0,9.22,313.48,Received,2026-02-13,2026-02-16,Supplier SKU: ALP-3072,system,2026-01-27 11:10:37
63,22,PO-2026-0022,2021,Chef Knife,Kitchen,14,12.0,54.49,762.86,Backordered,2026-03-07,2026-03-08,Supplier SKU: PRO-2021,system,2026-02-27 11:10:37
64,22,PO-2026-0022,2061,Mixing Bowl,Kitchen,16,16.0,31.76,508.16,Received,2026-03-07,2026-03-08,Supplier SKU: PRO-2061,system,2026-02-27 11:10:37
65,22,PO-2026-0022,2041,Serving Platter,Kitchen,2,2.0,43.5,87.0,Received,2026-03-07,2026-03-08,Supplier SKU: PRO-2041,system,2026-02-27 11:10:37
66,22,PO-2026-0022,2101,Measuring Cup Set,Kitchen,20,20.0,14.49,289.8,Received,2026-03-07,2026-03-08,Supplier SKU: PRO-2101,system,2026-02-27 11:10:37
67,23,PO-2026-0023,1562,PowerBurner Camping Stove,Camping,34,34.0,145.56,4949.04,Received,2026-03-09,2026-03-09,Supplier SKU: WOR-1562,system,2026-02-18 11:10:37
68,23,PO-2026-0023,1522,SummitClimber Backpack,Camping,88,88.0,184.07,16198.16,Received,2026-03-09,2026-03-09,Supplier SKU: WOR-1522,system,2026-02-18 11:10:37
69,24,PO-2026-0024,3031,Pro Flex Racing Ski Boots,Ski,88,88.0,495.47,43601.36,Received,2026-01-23,2026-01-26,Supplier SKU: FAB-3031,system,2026-01-11 11:10:37
70,25,PO-2025-0025,3031,Pro Flex Racing Ski Boots,Ski,213,213.0,495.47,105535.11,Received,2026-01-06,2026-01-09,Supplier SKU: FAB-3031,system,2025-12-21 11:10:37
71,26,PO-2026-0026,2011,Coffee Maker,Kitchen,39,39.0,140.77,5490.03,Received,2026-01-13,2026-01-13,Supplier SKU: PRO-2011,system,2026-01-05 11:10:37
72,27,PO-2026-0027,3104,Ski Tuning Bench - Portable,Ski,45,,137.25,6176.25,Pending,2026-03-18,,Supplier SKU: WOR-3104,system,2026-02-27 11:10:37
73,27,PO-2026-0027,2071,Baking Pan,Kitchen,17,,21.21,360.57,Pending,2026-03-18,,Supplier SKU: WOR-2071,system,2026-02-27 11:10:37
74,27,PO-2026-0027,1522,SummitClimber Backpack,Camping,177,,184.07,32580.39,Pending,2026-03-18,,Supplier SKU: WOR-1522,system,2026-02-27 11:10:37
75,27,PO-2026-0027,1581,LED Headlamp - Rechargeable,Camping,2,,54.29,108.58,Pending,2026-03-18,,Supplier SKU: WOR-1581,system,2026-02-27 11:10:37
76,28,PO-2026-0028,1561,EcoFire Camping Stove,Camping,4,4.0,82.2,328.8,Received,2026-02-25,2026-02-27,Supplier SKU: WOR-1561,system,2026-02-02 11:10:37
77,28,PO-2026-0028,1522,SummitClimber Backpack,Camping,173,173.0,184.07,31844.11,Received,2026-02-25,2026-02-27,Supplier SKU: WOR-1522,system,2026-02-02 11:10:37
78,28,PO-2026-0028,1562,PowerBurner Camping Stove,Camping,25,25.0,145.56,3639.0,Received,2026-02-25,2026-02-27,Supplier SKU: WOR-1562,system,2026-02-02 11:10:37
79,28,PO-2026-0028,2071,Baking Pan,Kitchen,12,12.0,21.21,254.52,Received,2026-02-25,2026-02-27,Supplier SKU: WOR-2071,system,2026-02-02 11:10:37
80,29,PO-2026-0029,2041,Serving Platter,Kitchen,3,3.0,43.5,130.5,Received,2026-03-14,2026-03-16,Supplier SKU: PRO-2041,system,2026-02-28 11:10:37
81,29,PO-2026-0029,2112,4-Slice Toaster,Kitchen,16,12.0,69.59,1113.44,Backordered,2026-03-14,2026-03-16,Supplier SKU: PRO-2112,system,2026-02-28 11:10:37
82,29,PO-2026-0029,2081,Food Storage Set,Kitchen,119,119.0,26.64,3170.16,Received,2026-03-14,2026-03-16,Supplier SKU: PRO-2081,system,2026-02-28 11:10:37
83,29,PO-2026-0029,2051,Ice Cream Bowl,Kitchen,15,15.0,15.86,237.9,Received,2026-03-14,2026-03-16,Supplier SKU: PRO-2051,system,2026-02-28 11:10:37
84,30,PO-2026-0030,1531,Summit Breeze Jacket,Camping,41,,118.88,4874.08,Shipped,2026-02-15,,Supplier SKU: CON-1531,system,2026-02-03 11:10:37
85,30,PO-2026-0030,1541,TrekReady Hiking Boots,Camping,27,,137.96,3724.92,Shipped,2026-02-15,,Supplier SKU: CON-1541,system,2026-02-03 11:10:37
86,30,PO-2026-0030,1563,CompactCook Camping Stove,Camping,1,,63.08,63.08,Shipped,2026-02-15,,Supplier SKU: CON-1563,system,2026-02-03 11:10:37
87,30,PO-2026-0030,1561,EcoFire Camping Stove,Camping,2,,93.29,186.58,Shipped,2026-02-15,,Supplier SKU: CON-1561,system,2026-02-03 11:10:37
88,31,PO-2025-0031,1511,Alpine Explorer Tent,Camping,1,1.0,353.49,353.49,Received,2026-01-13,2026-01-13,Supplier SKU: WOR-1511,system,2025-12-20 11:10:37
89,32,PO-2026-0032,1521,Adventurer Pro Backpack,Camping,70,70.0,117.87,8250.9,Received,2026-03-14,2026-03-14,Supplier SKU: CON-1521,system,2026-03-03 11:10:37
90,32,PO-2026-0032,1563,CompactCook Camping Stove,Camping,2,2.0,63.08,126.16,Received,2026-03-14,2026-03-14,Supplier SKU: CON-1563,system,2026-03-03 11:10:37
91,33,PO-2026-0033,3051,Insulated Ski Jacket - Men's,Ski,11,,192.05,2112.55,Pending,2026-03-26,,Supplier SKU: ALP-3051,system,2026-03-10 11:10:37
92,33,PO-2026-0033,3041,Carbon Fiber Racing Poles - 120cm,Ski,22,,142.69,3139.18,Pending,2026-03-26,,Supplier SKU: ALP-3041,system,2026-03-10 11:10:37
93,34,PO-2026-0034,1581,LED Headlamp - Rechargeable,Camping,5,5.0,54.29,271.45,Received,2026-01-24,2026-01-26,Supplier SKU: WOR-1581,system,2026-01-01 11:10:37
94,34,PO-2026-0034,1572,MountainDream Sleeping Bag,Camping,25,25.0,209.41,5235.25,Received,2026-01-24,2026-01-26,Supplier SKU: WOR-1572,system,2026-01-01 11:10:37
95,34,PO-2026-0034,1522,SummitClimber Backpack,Camping,217,217.0,184.07,39943.19,Received,2026-01-24,2026-01-26,Supplier SKU: WOR-1522,system,2026-01-01 11:10:37
96,34,PO-2026-0034,3104,Ski Tuning Bench - Portable,Ski,37,37.0,137.25,5078.25,Received,2026-01-24,2026-01-26,Supplier SKU: WOR-3104,system,2026-01-01 11:10:37
97,34,PO-2026-0034,3012,Mountain Master All-Terrain Skis - 165cm,Ski,103,103.0,728.77,75063.31,Received,2026-01-24,2026-01-26,Supplier SKU: WOR-3012,system,2026-01-01 11:10:37
98,35,PO-2025-0035,1563,CompactCook Camping Stove,Camping,4,4.0,63.08,252.32,Received,2025-12-29,2025-12-31,Supplier SKU: CON-1563,system,2025-12-20 11:10:37
99,35,PO-2025-0035,1533,RainGuard Hiking Jacket,Camping,1,1.0,116.22,116.22,Received,2025-12-29,2025-12-31,Supplier SKU: CON-1533,system,2025-12-20 11:10:37
100,36,PO-2026-0036,2071,Baking Pan,Kitchen,14,14.0,21.93,307.02,Received,2026-02-14,2026-02-15,Supplier SKU: PRO-2071,system,2026-01-30 11:10:37
101,36,PO-2026-0036,2051,Ice Cream Bowl,Kitchen,14,14.0,15.86,222.04,Received,2026-02-14,2026-02-15,Supplier SKU: PRO-2051,system,2026-01-30 11:10:37
102,36,PO-2026-0036,2031,Coffee Mug,Kitchen,2,2.0,20.63,41.26,Received,2026-02-14,2026-02-15,Supplier SKU: PRO-2031,system,2026-01-30 11:10:37
103,37,PO-2026-0037,3011,Alpine Pro Racing Skis - 170cm,Ski,3,3.0,1067.09,3201.27,Received,2026-03-15,2026-03-17,Supplier SKU: FAB-3011,system,2026-03-03 11:10:37
104,37,PO-2026-0037,3102,Winter Hiking Boots - Waterproof,Ski,37,37.0,182.63,6757.31,Received,2026-03-15,2026-03-17,Supplier SKU: FAB-3102,system,2026-03-03 11:10:37
105,37,PO-2026-0037,3051,Insulated Ski Jacket - Men's,Ski,86,86.0,228.23,19627.78,Received,2026-03-15,2026-03-17,Supplier SKU: FAB-3051,system,2026-03-03 11:10:37
106,37,PO-2026-0037,3013,Beginner's Choice Alpine Skis - 160cm,Ski,29,29.0,301.05,8730.45,Received,2026-03-15,2026-03-17,Supplier SKU: FAB-3013,system,2026-03-03 11:10:37
107,38,PO-2026-0038,3072,Hand Warmers - 10 Pack,Ski,41,,9.22,378.02,Shipped,2026-02-12,,Supplier SKU: ALP-3072,system,2026-01-31 11:10:37
108,38,PO-2026-0038,3061,Professional Ski Helmet,Ski,5,,126.34,631.7,Shipped,2026-02-12,,Supplier SKU: ALP-3061,system,2026-01-31 11:10:37
109,39,PO-2026-0039,2111,High-Speed Blender,Kitchen,157,157.0,128.4,20158.8,Received,2026-02-19,2026-02-20,Supplier SKU: PRO-2111,system,2026-02-06 11:10:37
110,39,PO-2026-0039,2041,Serving Platter,Kitchen,2,2.0,43.5,87.0,Received,2026-02-19,2026-02-20,Supplier SKU: PRO-2041,system,2026-02-06 11:10:37
111,40,PO-2026-0040,1561,EcoFire Camping Stove,Camping,1,,82.2,82.2,Pending,2026-03-27,,Supplier SKU: WOR-1561,system,2026-03-04 11:10:37
112,40,PO-2026-0040,1542,TrailWalker Hiking Shoes,Camping,127,,84.74,10761.98,Pending,2026-03-27,,Supplier SKU: WOR-1542,system,2026-03-04 11:10:37
113,40,PO-2026-0040,1511,Alpine Explorer Tent,Camping,2,,353.49,706.98,Pending,2026-03-27,,Supplier SKU: WOR-1511,system,2026-03-04 11:10:37
114,40,PO-2026-0040,1581,LED Headlamp - Rechargeable,Camping,2,,54.29,108.58,Pending,2026-03-27,,Supplier SKU: WOR-1581,system,2026-03-04 11:10:37
115,40,PO-2026-0040,2071,Baking Pan,Kitchen,43,,21.21,912.03,Pending,2026-03-27,,Supplier SKU: WOR-2071,system,2026-03-04 11:10:37
116,41,PO-2026-0041,2121,Bamboo Cutting Board Set,Kitchen,66,,31.46,2076.36,Shipped,2026-03-20,,Supplier SKU: PRO-2121,system,2026-03-06 11:10:37
117,42,PO-2025-0042,1543,TrekStar Hiking Sandals,Camping,25,25.0,54.12,1353.0,Received,2026-01-08,2026-01-08,Supplier SKU: CON-1543,system,2025-12-25 11:10:37
118,42,PO-2025-0042,1523,TrailLite Daypack,Camping,15,15.0,52.82,792.3,Received,2026-01-08,2026-01-08,Supplier SKU: CON-1523,system,2025-12-25 11:10:37
119,42,PO-2025-0042,1522,SummitClimber Backpack,Camping,45,39.0,160.09,7204.05,Backordered,2026-01-08,2026-01-08,Supplier SKU: CON-1522,system,2025-12-25 11:10:37
120,42,PO-2025-0042,1541,TrekReady Hiking Boots,Camping,25,25.0,137.96,3449.0,Received,2026-01-08,2026-01-08,Supplier SKU: CON-1541,system,2025-12-25 11:10:37
121,42,PO-2025-0042,1551,BaseCamp Folding Table,Camping,20,20.0,68.19,1363.8,Received,2026-01-08,2026-01-08,Supplier SKU: CON-1551,system,2025-12-25 11:10:37
122,43,PO-2026-0043,3011,Alpine Pro Racing Skis - 170cm,Ski,10,7.0,909.68,9096.8,Backordered,2026-01-21,2026-01-23,Supplier SKU: ALP-3011,system,2026-01-09 11:10:37
123,43,PO-2026-0043,3041,Carbon Fiber Racing Poles - 120cm,Ski,5,5.0,142.69,713.45,Received,2026-01-21,2026-01-23,Supplier SKU: ALP-3041,system,2026-01-09 11:10:37
124,44,PO-2025-0044,2011,Coffee Maker,Kitchen,93,93.0,140.77,13091.61,Received,2026-01-03,2026-01-04,Supplier SKU: PRO-2011,system,2025-12-23 11:10:37
125,44,PO-2025-0044,2121,Bamboo Cutting Board Set,Kitchen,115,115.0,31.46,3617.9,Received,2026-01-03,2026-01-04,Supplier SKU: PRO-2121,system,2025-12-23 11:10:37
126,44,PO-2025-0044,2051,Ice Cream Bowl,Kitchen,24,24.0,15.86,380.64,Received,2026-01-03,2026-01-04,Supplier SKU: PRO-2051,system,2025-12-23 11:10:37
127,44,PO-2025-0044,2091,Spatula,Kitchen,231,231.0,8.83,2039.73,Received,2026-01-03,2026-01-04,Supplier SKU: PRO-2091,system,2025-12-23 11:10:37
128,45,PO-2026-0045,3041,Carbon Fiber Racing Poles - 120cm,Ski,10,10.0,142.69,1426.9,Received,2026-02-05,2026-02-06,Supplier SKU: ALP-3041,system,2026-01-19 11:10:37
129,46,PO-2026-0046,3011,Alpine Pro Racing Skis - 170cm,Ski,44,44.0,909.68,40025.92,Received,2026-03-10,2026-03-10,Supplier SKU: ALP-3011,system,2026-02-22 11:10:37
130,46,PO-2026-0046,3013,Beginner's Choice Alpine Skis - 160cm,Ski,94,94.0,350.14,32913.16,Received,2026-03-10,2026-03-10,Supplier SKU: ALP-3013,system,2026-02-22 11:10:37
131,46,PO-2026-0046,3022,Backcountry Explorer XC Skis - 190cm,Ski,226,226.0,336.12,75963.12,Received,2026-03-10,2026-03-10,Supplier SKU: ALP-3022,system,2026-02-22 11:10:37
132,46,PO-2026-0046,3071,Ski Boot Bag - Premium,Ski,122,122.0,39.96,4875.12,Received,2026-03-10,2026-03-10,Supplier SKU: ALP-3071,system,2026-02-22 11:10:37
133,47,PO-2026-0047,2071,Baking Pan,Kitchen,19,19.0,21.93,416.67,Received,2026-03-14,2026-03-17,Supplier SKU: PRO-2071,system,2026-02-28 11:10:37
134,47,PO-2026-0047,2091,Spatula,Kitchen,208,208.0,8.83,1836.64,Received,2026-03-14,2026-03-17,Supplier SKU: PRO-2091,system,2026-02-28 11:10:37
135,48,PO-2026-0048,1532,TrailBlaze Hiking Pants,Camping,42,42.0,62.58,2628.36,Received,2026-03-07,2026-03-21,Supplier SKU: CON-1532,system,2026-02-21 11:10:37
136,48,PO-2026-0048,1533,RainGuard Hiking Jacket,Camping,3,3.0,116.22,348.66,Received,2026-03-07,2026-03-21,Supplier SKU: CON-1533,system,2026-02-21 11:10:37
137,48,PO-2026-0048,1571,CozyNights Sleeping Bag,Camping,1,1.0,98.63,98.63,Received,2026-03-07,2026-03-21,Supplier SKU: CON-1571,system,2026-02-21 11:10:37
138,49,PO-2025-0049,3051,Insulated Ski Jacket - Men's,Ski,122,122.0,228.23,27844.06,Received,2026-01-08,2026-01-09,Supplier SKU: FAB-3051,system,2025-12-20 11:10:37
139,49,PO-2025-0049,3031,Pro Flex Racing Ski Boots,Ski,198,198.0,495.47,98103.06,Received,2026-01-08,2026-01-09,Supplier SKU: FAB-3031,system,2025-12-20 11:10:37
140,50,PO-2025-0050,3104,Ski Tuning Bench - Portable,Ski,16,12.0,137.25,2196.0,Backordered,2026-01-17,2026-01-25,Supplier SKU: WOR-3104,system,2025-12-27 11:10:37
141,51,PO-2026-0051,3102,Winter Hiking Boots - Waterproof,Ski,44,44.0,182.63,8035.72,Received,2026-02-12,2026-02-15,Supplier SKU: FAB-3102,system,2026-01-26 11:10:37
142,51,PO-2026-0051,3051,Insulated Ski Jacket - Men's,Ski,109,109.0,228.23,24877.07,Received,2026-02-12,2026-02-15,Supplier SKU: FAB-3051,system,2026-01-26 11:10:37
143,51,PO-2026-0051,3011,Alpine Pro Racing Skis - 170cm,Ski,3,3.0,1067.09,3201.27,Received,2026-02-12,2026-02-15,Supplier SKU: FAB-3011,system,2026-01-26 11:10:37
144,51,PO-2026-0051,3031,Pro Flex Racing Ski Boots,Ski,121,121.0,495.47,59951.87,Received,2026-02-12,2026-02-15,Supplier SKU: FAB-3031,system,2026-01-26 11:10:37
145,51,PO-2026-0051,3013,Beginner's Choice Alpine Skis - 160cm,Ski,49,49.0,301.05,14751.45,Received,2026-02-12,2026-02-15,Supplier SKU: FAB-3013,system,2026-01-26 11:10:37
146,52,PO-2026-0052,3102,Winter Hiking Boots - Waterproof,Ski,42,,182.63,7670.46,Shipped,2026-01-28,,Supplier SKU: FAB-3102,system,2026-01-11 11:10:37
147,52,PO-2026-0052,3022,Backcountry Explorer XC Skis - 190cm,Ski,34,,357.97,12170.98,Shipped,2026-01-28,,Supplier SKU: FAB-3022,system,2026-01-11 11:10:37
148,52,PO-2026-0052,3031,Pro Flex Racing Ski Boots,Ski,244,,495.47,120894.68,Shipped,2026-01-28,,Supplier SKU: FAB-3031,system,2026-01-11 11:10:37
149,52,PO-2026-0052,3011,Alpine Pro Racing Skis - 170cm,Ski,2,,1067.09,2134.18,Shipped,2026-01-28,,Supplier SKU: FAB-3011,system,2026-01-11 11:10:37
150,53,PO-2026-0053,1572,MountainDream Sleeping Bag,Camping,33,33.0,209.41,6910.53,Received,2026-03-16,2026-03-17,Supplier SKU: WOR-1572,system,2026-02-20 11:10:37
151,53,PO-2026-0053,1522,SummitClimber Backpack,Camping,61,61.0,184.07,11228.27,Received,2026-03-16,2026-03-17,Supplier SKU: WOR-1522,system,2026-02-20 11:10:37
152,53,PO-2026-0053,1561,EcoFire Camping Stove,Camping,5,5.0,82.2,411.0,Received,2026-03-16,2026-03-17,Supplier SKU: WOR-1561,system,2026-02-20 11:10:37
153,53,PO-2026-0053,3012,Mountain Master All-Terrain Skis - 165cm,Ski,131,131.0,728.77,95468.87,Received,2026-03-16,2026-03-17,Supplier SKU: WOR-3012,system,2026-02-20 11:10:37
154,54,PO-2026-0054,3051,Insulated Ski Jacket - Men's,Ski,102,77.0,228.23,23279.46,Backordered,2026-01-21,2026-01-23,Supplier SKU: FAB-3051,system,2026-01-03 11:10:37
155,54,PO-2026-0054,3013,Beginner's Choice Alpine Skis - 160cm,Ski,47,47.0,301.05,14149.35,Received,2026-01-21,2026-01-23,Supplier SKU: FAB-3013,system,2026-01-03 11:10:37
156,54,PO-2026-0054,3011,Alpine Pro Racing Skis - 170cm,Ski,4,4.0,1067.09,4268.36,Received,2026-01-21,2026-01-23,Supplier SKU: FAB-3011,system,2026-01-03 11:10:37
157,54,PO-2026-0054,3031,Pro Flex Racing Ski Boots,Ski,86,86.0,495.47,42610.42,Received,2026-01-21,2026-01-23,Supplier SKU: FAB-3031,system,2026-01-03 11:10:37
158,54,PO-2026-0054,3102,Winter Hiking Boots - Waterproof,Ski,124,110.0,182.63,22646.12,Backordered,2026-01-21,2026-01-23,Supplier SKU: FAB-3102,system,2026-01-03 11:10:37
159,55,PO-2026-0055,1581,LED Headlamp - Rechargeable,Camping,5,5.0,54.29,271.45,Received,2026-01-28,2026-01-31,Supplier SKU: WOR-1581,system,2026-01-04 11:10:37
160,55,PO-2026-0055,2071,Baking Pan,Kitchen,37,37.0,21.21,784.77,Received,2026-01-28,2026-01-31,Supplier SKU: WOR-2071,system,2026-01-04 11:10:37
161,55,PO-2026-0055,1562,PowerBurner Camping Stove,Camping,41,41.0,145.56,5967.96,Received,2026-01-28,2026-01-31,Supplier SKU: WOR-1562,system,2026-01-04 11:10:37
162,55,PO-2026-0055,1572,MountainDream Sleeping Bag,Camping,17,17.0,209.41,3559.97,Received,2026-01-28,2026-01-31,Supplier SKU: WOR-1572,system,2026-01-04 11:10:37
163,56,PO-2025-0056,3091,Freestyle Snowboard - 155cm,Ski,4,,420.23,1680.92,Shipped,2026-01-14,,Supplier SKU: ALP-3091,system,2025-12-29 11:10:37
164,56,PO-2025-0056,3072,Hand Warmers - 10 Pack,Ski,39,,9.22,359.58,Shipped,2026-01-14,,Supplier SKU: ALP-3072,system,2025-12-29 11:10:37
165,57,PO-2026-0057,2121,Bamboo Cutting Board Set,Kitchen,64,55.0,31.46,2013.44,Backordered,2026-02-27,2026-03-02,Supplier SKU: PRO-2121,system,2026-02-19 11:10:37
166,58,PO-2026-0058,1531,Summit Breeze Jacket,Camping,42,42.0,118.88,4992.96,Received,2026-02-20,2026-02-21,Supplier SKU: CON-1531,system,2026-02-07 11:10:37
167,58,PO-2026-0058,1543,TrekStar Hiking Sandals,Camping,14,14.0,54.12,757.68,Received,2026-02-20,2026-02-21,Supplier SKU: CON-1543,system,2026-02-07 11:10:37
168,59,PO-2026-0059,2031,Coffee Mug,Kitchen,5,5.0,20.63,103.15,Received,2026-02-01,2026-02-02,Supplier SKU: PRO-2031,system,2026-01-19 11:10:37
169,59,PO-2026-0059,2022,Fork Set,Kitchen,19,19.0,27.76,527.44,Received,2026-02-01,2026-02-02,Supplier SKU: PRO-2022,system,2026-01-19 11:10:37
170,59,PO-2026-0059,2011,Coffee Maker,Kitchen,107,107.0,140.77,15062.39,Received,2026-02-01,2026-02-02,Supplier SKU: PRO-2011,system,2026-01-19 11:10:37
171,59,PO-2026-0059,2012,Espresso Machine,Kitchen,41,41.0,286.54,11748.14,Received,2026-02-01,2026-02-02,Supplier SKU: PRO-2012,system,2026-01-19 11:10:37
172,60,PO-2026-0060,2071,Baking Pan,Kitchen,26,26.0,21.21,551.46,Received,2026-02-26,2026-02-27,Supplier SKU: WOR-2071,system,2026-02-04 11:10:37
173,60,PO-2026-0060,1542,TrailWalker Hiking Shoes,Camping,90,76.0,84.74,7626.6,Backordered,2026-02-26,2026-02-27,Supplier SKU: WOR-1542,system,2026-02-04 11:10:37
174,61,PO-2026-0061,3104,Ski Tuning Bench - Portable,Ski,16,16.0,122.99,1967.84,Received,2026-02-17,2026-02-20,Supplier SKU: ALP-3104,system,2026-01-31 11:10:37
175,61,PO-2026-0061,3022,Backcountry Explorer XC Skis - 190cm,Ski,243,243.0,336.12,81677.16,Received,2026-02-17,2026-02-20,Supplier SKU: ALP-3022,system,2026-01-31 11:10:37
176,61,PO-2026-0061,3081,All-Temp Ski Wax Kit,Ski,10,10.0,51.76,517.6,Received,2026-02-17,2026-02-20,Supplier SKU: ALP-3081,system,2026-01-31 11:10:37
177,62,PO-2026-0062,1562,PowerBurner Camping Stove,Camping,14,,147.27,2061.78,Shipped,2026-03-09,,Supplier SKU: CON-1562,system,2026-02-24 11:10:37
178,62,PO-2026-0062,1523,TrailLite Daypack,Camping,47,,52.82,2482.54,Shipped,2026-03-09,,Supplier SKU: CON-1523,system,2026-02-24 11:10:37
179,62,PO-2026-0062,1571,CozyNights Sleeping Bag,Camping,5,,98.63,493.15,Shipped,2026-03-09,,Supplier SKU: CON-1571,system,2026-02-24 11:10:37
180,63,PO-2026-0063,1512,SkyView 2-Person Tent,Camping,5,5.0,237.35,1186.75,Received,2026-01-17,2026-01-18,Supplier SKU: CON-1512,system,2026-01-07 11:10:37
181,63,PO-2026-0063,1531,Summit Breeze Jacket,Camping,49,49.0,118.88,5825.12,Received,2026-01-17,2026-01-18,Supplier SKU: CON-1531,system,2026-01-07 11:10:37
182,64,PO-2026-0064,3102,Winter Hiking Boots - Waterproof,Ski,81,81.0,182.63,14793.03,Received,2026-02-09,2026-02-12,Supplier SKU: FAB-3102,system,2026-01-27 11:10:37
183,64,PO-2026-0064,3013,Beginner's Choice Alpine Skis - 160cm,Ski,13,13.0,301.05,3913.65,Received,2026-02-09,2026-02-12,Supplier SKU: FAB-3013,system,2026-01-27 11:10:37
184,64,PO-2026-0064,3022,Backcountry Explorer XC Skis - 190cm,Ski,102,102.0,357.97,36512.94,Received,2026-02-09,2026-02-12,Supplier SKU: FAB-3022,system,2026-01-27 11:10:37
185,65,PO-2026-0065,3012,Mountain Master All-Terrain Skis - 165cm,Ski,105,105.0,595.82,62561.1,Received,2026-03-06,2026-03-07,Supplier SKU: ALP-3012,system,2026-02-20 11:10:37
186,65,PO-2026-0065,3053,Waterproof Ski Pants,Ski,19,17.0,173.38,3294.22,Backordered,2026-03-06,2026-03-07,Supplier SKU: ALP-3053,system,2026-02-20 11:10:37
187,65,PO-2026-0065,3041,Carbon Fiber Racing Poles - 120cm,Ski,14,14.0,142.69,1997.66,Received,2026-03-06,2026-03-07,Supplier SKU: ALP-3041,system,2026-02-20 11:10:37
188,66,PO-2026-0066,3031,Pro Flex Racing Ski Boots,Ski,156,111.0,495.47,77293.32,Backordered,2026-02-10,2026-02-13,Supplier SKU: FAB-3031,system,2026-01-29 11:10:37
189,66,PO-2026-0066,3051,Insulated Ski Jacket - Men's,Ski,116,116.0,228.23,26474.68,Received,2026-02-10,2026-02-13,Supplier SKU: FAB-3051,system,2026-01-29 11:10:37
190,66,PO-2026-0066,3022,Backcountry Explorer XC Skis - 190cm,Ski,125,125.0,357.97,44746.25,Received,2026-02-10,2026-02-13,Supplier SKU: FAB-3022,system,2026-01-29 11:10:37
191,67,PO-2026-0067,2121,Bamboo Cutting Board Set,Kitchen,81,81.0,31.46,2548.26,Received,2026-02-02,2026-02-03,Supplier SKU: PRO-2121,system,2026-01-21 11:10:37
192,67,PO-2026-0067,2021,Chef Knife,Kitchen,5,5.0,54.49,272.45,Received,2026-02-02,2026-02-03,Supplier SKU: PRO-2021,system,2026-01-21 11:10:37
193,67,PO-2026-0067,2071,Baking Pan,Kitchen,17,17.0,21.93,372.81,Received,2026-02-02,2026-02-03,Supplier SKU: PRO-2071,system,2026-01-21 11:10:37
194,68,PO-2026-0068,1542,TrailWalker Hiking Shoes,Camping,233,233.0,84.74,19744.42,Received,2026-01-25,2026-01-25,Supplier SKU: WOR-1542,system,2026-01-04 11:10:37
195,68,PO-2026-0068,1562,PowerBurner Camping Stove,Camping,16,16.0,145.56,2328.96,Received,2026-01-25,2026-01-25,Supplier SKU: WOR-1562,system,2026-01-04 11:10:37
196,69,PO-2026-0069,3022,Backcountry Explorer XC Skis - 190cm,Ski,104,104.0,357.97,37228.88,Received,2026-02-17,2026-02-18,Supplier SKU: FAB-3022,system,2026-02-02 11:10:37
197,69,PO-2026-0069,3102,Winter Hiking Boots - Waterproof,Ski,32,32.0,182.63,5844.16,Received,2026-02-17,2026-02-18,Supplier SKU: FAB-3102,system,2026-02-02 11:10:37
198,69,PO-2026-0069,3013,Beginner's Choice Alpine Skis - 160cm,Ski,15,15.0,301.05,4515.75,Received,2026-02-17,2026-02-18,Supplier SKU: FAB-3013,system,2026-02-02 11:10:37
199,69,PO-2026-0069,3031,Pro Flex Racing Ski Boots,Ski,226,226.0,495.47,111976.22,Received,2026-02-17,2026-02-18,Supplier SKU: FAB-3031,system,2026-02-02 11:10:37
200,70,PO-2026-0070,1562,PowerBurner Camping Stove,Camping,17,17.0,145.56,2474.52,Received,2026-02-12,2026-02-14,Supplier SKU: WOR-1562,system,2026-01-17 11:10:37
201,70,PO-2026-0070,1561,EcoFire Camping Stove,Camping,1,1.0,82.2,82.2,Received,2026-02-12,2026-02-14,Supplier SKU: WOR-1561,system,2026-01-17 11:10:37
202,70,PO-2026-0070,3104,Ski Tuning Bench - Portable,Ski,46,46.0,137.25,6313.5,Received,2026-02-12,2026-02-14,Supplier SKU: WOR-3104,system,2026-01-17 11:10:37
203,70,PO-2026-0070,1581,LED Headlamp - Rechargeable,Camping,1,1.0,54.29,54.29,Received,2026-02-12,2026-02-14,Supplier SKU: WOR-1581,system,2026-01-17 11:10:37
204,70,PO-2026-0070,1572,MountainDream Sleeping Bag,Camping,36,36.0,209.41,7538.76,Received,2026-02-12,2026-02-14,Supplier SKU: WOR-1572,system,2026-01-17 11:10:37
205,71,PO-2026-0071,2031,Coffee Mug,Kitchen,3,3.0,20.63,61.89,Received,2026-02-18,2026-02-21,Supplier SKU: PRO-2031,system,2026-02-10 11:10:37
206,71,PO-2026-0071,2061,Mixing Bowl,Kitchen,7,7.0,31.76,222.32,Received,2026-02-18,2026-02-21,Supplier SKU: PRO-2061,system,2026-02-10 11:10:37
207,71,PO-2026-0071,2121,Bamboo Cutting Board Set,Kitchen,92,92.0,31.46,2894.32,Received,2026-02-18,2026-02-21,Supplier SKU: PRO-2121,system,2026-02-10 11:10:37
208,71,PO-2026-0071,2071,Baking Pan,Kitchen,20,20.0,21.93,438.6,Received,2026-02-18,2026-02-21,Supplier SKU: PRO-2071,system,2026-02-10 11:10:37
209,71,PO-2026-0071,2112,4-Slice Toaster,Kitchen,20,20.0,69.59,1391.8,Received,2026-02-18,2026-02-21,Supplier SKU: PRO-2112,system,2026-02-10 11:10:37
210,72,PO-2025-0072,3011,Alpine Pro Racing Skis - 170cm,Ski,2,2.0,1067.09,2134.18,Received,2026-01-04,2026-01-07,Supplier SKU: FAB-3011,system,2025-12-17 11:10:37
211,72,PO-2025-0072,3031,Pro Flex Racing Ski Boots,Ski,87,87.0,495.47,43105.89,Received,2026-01-04,2026-01-07,Supplier SKU: FAB-3031,system,2025-12-17 11:10:37
212,72,PO-2025-0072,3022,Backcountry Explorer XC Skis - 190cm,Ski,120,120.0,357.97,42956.4,Received,2026-01-04,2026-01-07,Supplier SKU: FAB-3022,system,2025-12-17 11:10:37
213,72,PO-2025-0072,3013,Beginner's Choice Alpine Skis - 160cm,Ski,36,25.0,301.05,10837.8,Backordered,2026-01-04,2026-01-07,Supplier SKU: FAB-3013,system,2025-12-17 11:10:37
214,73,PO-2026-0073,2051,Ice Cream Bowl,Kitchen,15,,15.86,237.9,Shipped,2026-03-28,,Supplier SKU: PRO-2051,system,2026-03-14 11:10:37
215,74,PO-2026-0074,2022,Fork Set,Kitchen,23,,27.76,638.48,Shipped,2026-03-22,,Supplier SKU: PRO-2022,system,2026-03-07 11:10:37
216,74,PO-2026-0074,2091,Spatula,Kitchen,50,,8.83,441.5,Shipped,2026-03-22,,Supplier SKU: PRO-2091,system,2026-03-07 11:10:37
217,75,PO-2026-0075,3011,Alpine Pro Racing Skis - 170cm,Ski,1,1.0,1067.09,1067.09,Received,2026-02-17,2026-02-17,Supplier SKU: FAB-3011,system,2026-01-29 11:10:37
218,76,PO-2026-0076,1561,EcoFire Camping Stove,Camping,4,4.0,82.2,328.8,Received,2026-03-12,2026-03-12,Supplier SKU: WOR-1561,system,2026-02-14 11:10:37
219,76,PO-2026-0076,1542,TrailWalker Hiking Shoes,Camping,60,60.0,84.74,5084.4,Received,2026-03-12,2026-03-12,Supplier SKU: WOR-1542,system,2026-02-14 11:10:37
220,76,PO-2026-0076,1562,PowerBurner Camping Stove,Camping,11,11.0,145.56,1601.16,Received,2026-03-12,2026-03-12,Supplier SKU: WOR-1562,system,2026-02-14 11:10:37
221,76,PO-2026-0076,3104,Ski Tuning Bench - Portable,Ski,29,29.0,137.25,3980.25,Received,2026-03-12,2026-03-12,Supplier SKU: WOR-3104,system,2026-02-14 11:10:37
222,77,PO-2025-0077,1581,LED Headlamp - Rechargeable,Camping,5,3.0,54.29,271.45,Backordered,2026-01-11,2026-01-11,Supplier SKU: WOR-1581,system,2025-12-20 11:10:37
223,77,PO-2025-0077,3012,Mountain Master All-Terrain Skis - 165cm,Ski,190,190.0,728.77,138466.3,Received,2026-01-11,2026-01-11,Supplier SKU: WOR-3012,system,2025-12-20 11:10:37
224,78,PO-2025-0078,1572,MountainDream Sleeping Bag,Camping,47,43.0,209.41,9842.27,Backordered,2026-01-20,2026-01-20,Supplier SKU: WOR-1572,system,2025-12-30 11:10:37
225,78,PO-2025-0078,1562,PowerBurner Camping Stove,Camping,49,49.0,145.56,7132.44,Received,2026-01-20,2026-01-20,Supplier SKU: WOR-1562,system,2025-12-30 11:10:37
226,79,PO-2026-0079,2101,Measuring Cup Set,Kitchen,42,42.0,14.49,608.58,Received,2026-02-05,2026-02-05,Supplier SKU: PRO-2101,system,2026-01-27 11:10:37
227,79,PO-2026-0079,2112,4-Slice Toaster,Kitchen,25,25.0,69.59,1739.75,Received,2026-02-05,2026-02-05,Supplier SKU: PRO-2112,system,2026-01-27 11:10:37
228,79,PO-2026-0079,2091,Spatula,Kitchen,73,73.0,8.83,644.59,Received,2026-02-05,2026-02-05,Supplier SKU: PRO-2091,system,2026-01-27 11:10:37
229,79,PO-2026-0079,2011,Coffee Maker,Kitchen,52,52.0,140.77,7320.04,Received,2026-02-05,2026-02-05,Supplier SKU: PRO-2011,system,2026-01-27 11:10:37
230,80,PO-2026-0080,3042,Aluminum All-Mountain Poles - 115cm,Ski,238,238.0,63.97,15224.86,Received,2026-02-10,2026-02-16,Supplier SKU: ALP-3042,system,2026-01-24 11:10:37
231,80,PO-2026-0080,3092,All-Mountain Snowboard - 158cm,Ski,34,34.0,511.74,17399.16,Received,2026-02-10,2026-02-16,Supplier SKU: ALP-3092,system,2026-01-24 11:10:37
232,80,PO-2026-0080,3041,Carbon Fiber Racing Poles - 120cm,Ski,20,20.0,142.69,2853.8,Received,2026-02-10,2026-02-16,Supplier SKU: ALP-3041,system,2026-01-24 11:10:37
233,80,PO-2026-0080,3011,Alpine Pro Racing Skis - 170cm,Ski,41,35.0,909.68,37296.88,Backordered,2026-02-10,2026-02-16,Supplier SKU: ALP-3011,system,2026-01-24 11:10:37
234,80,PO-2026-0080,3082,Edge Tuning Tool Set,Ski,15,15.0,95.08,1426.2,Received,2026-02-10,2026-02-16,Supplier SKU: ALP-3082,system,2026-01-24 11:10:37
235,81,PO-2026-0081,2022,Fork Set,Kitchen,44,44.0,27.76,1221.44,Received,2026-03-02,2026-03-04,Supplier SKU: PRO-2022,system,2026-02-18 11:10:37
236,81,PO-2026-0081,2011,Coffee Maker,Kitchen,78,78.0,140.77,10980.06,Received,2026-03-02,2026-03-04,Supplier SKU: PRO-2011,system,2026-02-18 11:10:37
237,81,PO-2026-0081,2051,Ice Cream Bowl,Kitchen,12,12.0,15.86,190.32,Received,2026-03-02,2026-03-04,Supplier SKU: PRO-2051,system,2026-02-18 11:10:37
238,81,PO-2026-0081,2121,Bamboo Cutting Board Set,Kitchen,40,40.0,31.46,1258.4,Received,2026-03-02,2026-03-04,Supplier SKU: PRO-2121,system,2026-02-18 11:10:37
239,81,PO-2026-0081,2061,Mixing Bowl,Kitchen,13,11.0,31.76,412.88,Backordered,2026-03-02,2026-03-04,Supplier SKU: PRO-2061,system,2026-02-18 11:10:37
240,82,PO-2026-0082,3013,Beginner's Choice Alpine Skis - 160cm,Ski,31,31.0,301.05,9332.55,Received,2026-03-13,2026-03-15,Supplier SKU: FAB-3013,system,2026-02-26 11:10:37
241,82,PO-2026-0082,3022,Backcountry Explorer XC Skis - 190cm,Ski,118,118.0,357.97,42240.46,Received,2026-03-13,2026-03-15,Supplier SKU: FAB-3022,system,2026-02-26 11:10:37
242,82,PO-2026-0082,3051,Insulated Ski Jacket - Men's,Ski,81,72.0,228.23,18486.63,Backordered,2026-03-13,2026-03-15,Supplier SKU: FAB-3051,system,2026-02-26 11:10:37
243,82,PO-2026-0082,3102,Winter Hiking Boots - Waterproof,Ski,114,114.0,182.63,20819.82,Received,2026-03-13,2026-03-15,Supplier SKU: FAB-3102,system,2026-02-26 11:10:37
244,83,PO-2026-0083,3053,Waterproof Ski Pants,Ski,23,,173.38,3987.74,Pending,2026-03-17,,Supplier SKU: ALP-3053,system,2026-03-01 11:10:37
245,83,PO-2026-0083,3033,Women's Performance Ski Boots,Ski,6,,436.47,2618.82,Pending,2026-03-17,,Supplier SKU: ALP-3033,system,2026-03-01 11:10:37
246,83,PO-2026-0083,3021,Nordic Classic XC Skis - 185cm,Ski,34,,233.42,7936.28,Pending,2026-03-17,,Supplier SKU: ALP-3021,system,2026-03-01 11:10:37
247,83,PO-2026-0083,3012,Mountain Master All-Terrain Skis - 165cm,Ski,158,,595.82,94139.56,Pending,2026-03-17,,Supplier SKU: ALP-3012,system,2026-03-01 11:10:37
248,83,PO-2026-0083,3062,Anti-Fog Ski Goggles,Ski,28,,87.52,2450.56,Pending,2026-03-17,,Supplier SKU: ALP-3062,system,2026-03-01 11:10:37
249,84,PO-2025-0084,2111,High-Speed Blender,Kitchen,204,203.0,128.4,26193.6,Backordered,2026-01-05,2026-01-08,Supplier SKU: PRO-2111,system,2025-12-24 11:10:37
250,84,PO-2025-0084,2071,Baking Pan,Kitchen,14,14.0,21.93,307.02,Received,2026-01-05,2026-01-08,Supplier SKU: PRO-2071,system,2025-12-24 11:10:37
251,85,PO-2026-0085,2081,Food Storage Set,Kitchen,28,28.0,26.64,745.92,Received,2026-02-08,2026-02-09,Supplier SKU: PRO-2081,system,2026-01-30 11:10:37
252,85,PO-2026-0085,2011,Coffee Maker,Kitchen,39,39.0,140.77,5490.03,Received,2026-02-08,2026-02-09,Supplier SKU: PRO-2011,system,2026-01-30 11:10:37
253,85,PO-2026-0085,2012,Espresso Machine,Kitchen,87,87.0,286.54,24928.98,Received,2026-02-08,2026-02-09,Supplier SKU: PRO-2012,system,2026-01-30 11:10:37
254,86,PO-2026-0086,2091,Spatula,Kitchen,92,,8.83,812.36,Shipped,2026-01-18,,Supplier SKU: PRO-2091,system,2026-01-06 11:10:37
255,87,PO-2025-0087,1552,TrekMaster Camping Chair,Camping,14,14.0,53.14,743.96,Received,2026-01-02,2026-01-02,Supplier SKU: CON-1552,system,2025-12-22 11:10:37
256,87,PO-2025-0087,1541,TrekReady Hiking Boots,Camping,35,35.0,137.96,4828.6,Received,2026-01-02,2026-01-02,Supplier SKU: CON-1541,system,2025-12-22 11:10:37
257,87,PO-2025-0087,1532,TrailBlaze Hiking Pants,Camping,33,33.0,62.58,2065.14,Received,2026-01-02,2026-01-02,Supplier SKU: CON-1532,system,2025-12-22 11:10:37
258,87,PO-2025-0087,1543,TrekStar Hiking Sandals,Camping,17,17.0,54.12,920.04,Received,2026-01-02,2026-01-02,Supplier SKU: CON-1543,system,2025-12-22 11:10:37
259,87,PO-2025-0087,1522,SummitClimber Backpack,Camping,34,34.0,160.09,5443.06,Received,2026-01-02,2026-01-02,Supplier SKU: CON-1522,system,2025-12-22 11:10:37
260,88,PO-2025-0088,1572,MountainDream Sleeping Bag,Camping,40,40.0,209.41,8376.4,Received,2026-01-08,2026-01-09,Supplier SKU: WOR-1572,system,2025-12-19 11:10:37
261,89,PO-2026-0089,3013,Beginner's Choice Alpine Skis - 160cm,Ski,32,32.0,301.05,9633.6,Received,2026-02-10,2026-02-10,Supplier SKU: FAB-3013,system,2026-01-23 11:10:37
262,89,PO-2026-0089,3031,Pro Flex Racing Ski Boots,Ski,139,139.0,495.47,68870.33,Received,2026-02-10,2026-02-10,Supplier SKU: FAB-3031,system,2026-01-23 11:10:37
263,90,PO-2025-0090,3011,Alpine Pro Racing Skis - 170cm,Ski,1,1.0,1067.09,1067.09,Received,2025-12-30,2025-12-30,Supplier SKU: FAB-3011,system,2025-12-18 11:10:37
264,90,PO-2025-0090,3051,Insulated Ski Jacket - Men's,Ski,45,45.0,228.23,10270.35,Received,2025-12-30,2025-12-30,Supplier SKU: FAB-3051,system,2025-12-18 11:10:37
265,90,PO-2025-0090,3102,Winter Hiking Boots - Waterproof,Ski,38,38.0,182.63,6939.94,Received,2025-12-30,2025-12-30,Supplier SKU: FAB-3102,system,2025-12-18 11:10:37
266,91,PO-2026-0091,2112,4-Slice Toaster,Kitchen,14,12.0,69.59,974.26,Backordered,2026-02-23,2026-02-26,Supplier SKU: PRO-2112,system,2026-02-10 11:10:37
267,91,PO-2026-0091,2041,Serving Platter,Kitchen,5,4.0,43.5,217.5,Backordered,2026-02-23,2026-02-26,Supplier SKU: PRO-2041,system,2026-02-10 11:10:37
268,92,PO-2026-0092,3091,Freestyle Snowboard - 155cm,Ski,5,,420.23,2101.15,Pending,2026-03-16,,Supplier SKU: ALP-3091,system,2026-02-28 11:10:37
269,92,PO-2026-0092,3103,Snowboard Bindings - Pro,Ski,4,,197.49,789.96,Pending,2026-03-16,,Supplier SKU: ALP-3103,system,2026-02-28 11:10:37
270,92,PO-2026-0092,3013,Beginner's Choice Alpine Skis - 160cm,Ski,188,,350.14,65826.32,Pending,2026-03-16,,Supplier SKU: ALP-3013,system,2026-02-28 11:10:37
271,93,PO-2026-0093,3081,All-Temp Ski Wax Kit,Ski,13,,51.76,672.88,Pending,2026-03-18,,Supplier SKU: ALP-3081,system,2026-03-07 11:10:37
272,93,PO-2026-0093,3103,Snowboard Bindings - Pro,Ski,5,,197.49,987.45,Pending,2026-03-18,,Supplier SKU: ALP-3103,system,2026-03-07 11:10:37
273,93,PO-2026-0093,3042,Aluminum All-Mountain Poles - 115cm,Ski,78,,63.97,4989.66,Pending,2026-03-18,,Supplier SKU: ALP-3042,system,2026-03-07 11:10:37
274,94,PO-2026-0094,1552,TrekMaster Camping Chair,Camping,17,17.0,53.14,903.38,Received,2026-03-06,2026-03-09,Supplier SKU: CON-1552,system,2026-02-21 11:10:37
275,94,PO-2026-0094,1571,CozyNights Sleeping Bag,Camping,1,1.0,98.63,98.63,Received,2026-03-06,2026-03-09,Supplier SKU: CON-1571,system,2026-02-21 11:10:37
276,94,PO-2026-0094,1561,EcoFire Camping Stove,Camping,3,2.0,93.29,279.87,Backordered,2026-03-06,2026-03-09,Supplier SKU: CON-1561,system,2026-02-21 11:10:37
277,94,PO-2026-0094,1541,TrekReady Hiking Boots,Camping,38,32.0,137.96,5242.48,Backordered,2026-03-06,2026-03-09,Supplier SKU: CON-1541,system,2026-02-21 11:10:37
278,95,PO-2026-0095,3031,Pro Flex Racing Ski Boots,Ski,156,,495.47,77293.32,Shipped,2026-03-17,,Supplier SKU: FAB-3031,system,2026-03-04 11:10:37
279,95,PO-2026-0095,3102,Winter Hiking Boots - Waterproof,Ski,57,,182.63,10409.91,Shipped,2026-03-17,,Supplier SKU: FAB-3102,system,2026-03-04 11:10:37
280,95,PO-2026-0095,3013,Beginner's Choice Alpine Skis - 160cm,Ski,17,,301.05,5117.85,Shipped,2026-03-17,,Supplier SKU: FAB-3013,system,2026-03-04 11:10:37
281,96,PO-2026-0096,1581,LED Headlamp - Rechargeable,Camping,2,2.0,54.29,108.58,Received,2026-01-31,2026-02-01,Supplier SKU: WOR-1581,system,2026-01-06 11:10:37
282,96,PO-2026-0096,3104,Ski Tuning Bench - Portable,Ski,14,14.0,137.25,1921.5,Received,2026-01-31,2026-02-01,Supplier SKU: WOR-3104,system,2026-01-06 11:10:37
283,96,PO-2026-0096,1572,MountainDream Sleeping Bag,Camping,42,42.0,209.41,8795.22,Received,2026-01-31,2026-02-01,Supplier SKU: WOR-1572,system,2026-01-06 11:10:37
284,96,PO-2026-0096,3012,Mountain Master All-Terrain Skis - 165cm,Ski,218,218.0,728.77,158871.86,Received,2026-01-31,2026-02-01,Supplier SKU: WOR-3012,system,2026-01-06 11:10:37
285,96,PO-2026-0096,2071,Baking Pan,Kitchen,11,11.0,21.21,233.31,Received,2026-01-31,2026-02-01,Supplier SKU: WOR-2071,system,2026-01-06 11:10:37
286,97,PO-2026-0097,1563,CompactCook Camping Stove,Camping,1,0.0,63.08,63.08,Backordered,2026-02-10,2026-02-10,Supplier SKU: CON-1563,system,2026-01-31 11:10:37
287,97,PO-2026-0097,1511,Alpine Explorer Tent,Camping,96,96.0,313.3,30076.8,Received,2026-02-10,2026-02-10,Supplier SKU: CON-1511,system,2026-01-31 11:10:37
288,97,PO-2026-0097,1543,TrekStar Hiking Sandals,Camping,7,7.0,54.12,378.84,Received,2026-02-10,2026-02-10,Supplier SKU: CON-1543,system,2026-01-31 11:10:37
289,98,PO-2025-0098,1572,MountainDream Sleeping Bag,Camping,5,5.0,199.2,996.0,Received,2025-12-24,2025-12-26,Supplier SKU: CON-1572,system,2025-12-16 11:10:37
290,98,PO-2025-0098,1511,Alpine Explorer Tent,Camping,62,62.0,313.3,19424.6,Received,2025-12-24,2025-12-26,Supplier SKU: CON-1511,system,2025-12-16 11:10:37
291,98,PO-2025-0098,1521,Adventurer Pro Backpack,Camping,115,115.0,117.87,13555.05,Received,2025-12-24,2025-12-26,Supplier SKU: CON-1521,system,2025-12-16 11:10:37
292,98,PO-2025-0098,1553,Adventure Dining Table,Camping,6,6.0,117.62,705.72,Received,2025-12-24,2025-12-26,Supplier SKU: CON-1553,system,2025-12-16 11:10:37
293,99,PO-2025-0099,1571,CozyNights Sleeping Bag,Camping,2,2.0,98.63,197.26,Received,2025-12-31,2026-01-02,Supplier SKU: CON-1571,system,2025-12-21 11:10:37
294,99,PO-2025-0099,1543,TrekStar Hiking Sandals,Camping,12,12.0,54.12,649.44,Received,2025-12-31,2026-01-02,Supplier SKU: CON-1543,system,2025-12-21 11:10:37
295,99,PO-2025-0099,1572,MountainDream Sleeping Bag,Camping,4,4.0,199.2,796.8,Received,2025-12-31,2026-01-02,Supplier SKU: CON-1572,system,2025-12-21 11:10:37
296,100,PO-2026-0100,1581,LED Headlamp - Rechargeable,Camping,1,,54.29,54.29,Shipped,2026-04-02,,Supplier SKU: WOR-1581,system,2026-03-13 11:10:37
297,101,PO-2026-0101,1533,RainGuard Hiking Jacket,Camping,2,2.0,116.22,232.44,Received,2026-02-27,2026-03-02,Supplier SKU: CON-1533,system,2026-02-17 11:10:37
298,101,PO-2026-0101,1512,SkyView 2-Person Tent,Camping,1,1.0,237.35,237.35,Received,2026-02-27,2026-03-02,Supplier SKU: CON-1512,system,2026-02-17 11:10:37
299,101,PO-2026-0101,1543,TrekStar Hiking Sandals,Camping,15,15.0,54.12,811.8,Received,2026-02-27,2026-03-02,Supplier SKU: CON-1543,system,2026-02-17 11:10:37
300,102,PO-2026-0102,1542,TrailWalker Hiking Shoes,Camping,197,197.0,84.74,16693.78,Received,2026-01-23,2026-01-26,Supplier SKU: WOR-1542,system,2026-01-04 11:10:37
301,102,PO-2026-0102,1511,Alpine Explorer Tent,Camping,2,2.0,353.49,706.98,Received,2026-01-23,2026-01-26,Supplier SKU: WOR-1511,system,2026-01-04 11:10:37
302,102,PO-2026-0102,1572,MountainDream Sleeping Bag,Camping,10,10.0,209.41,2094.1,Received,2026-01-23,2026-01-26,Supplier SKU: WOR-1572,system,2026-01-04 11:10:37
303,103,PO-2026-0103,3061,Professional Ski Helmet,Ski,5,3.0,126.34,631.7,Backordered,2026-02-25,2026-02-26,Supplier SKU: ALP-3061,system,2026-02-08 11:10:37
304,103,PO-2026-0103,3102,Winter Hiking Boots - Waterproof,Ski,2,2.0,157.0,314.0,Received,2026-02-25,2026-02-26,Supplier SKU: ALP-3102,system,2026-02-08 11:10:37
305,103,PO-2026-0103,3033,Women's Performance Ski Boots,Ski,18,18.0,436.47,7856.46,Received,2026-02-25,2026-02-26,Supplier SKU: ALP-3033,system,2026-02-08 11:10:37
306,104,PO-2026-0104,2101,Measuring Cup Set,Kitchen,14,14.0,14.49,202.86,Received,2026-02-07,2026-02-20,Supplier SKU: PRO-2101,system,2026-01-25 11:10:37
307,105,PO-2025-0105,3104,Ski Tuning Bench - Portable,Ski,19,19.0,122.99,2336.81,Received,2026-01-09,2026-01-09,Supplier SKU: ALP-3104,system,2025-12-24 11:10:37
308,105,PO-2025-0105,3062,Anti-Fog Ski Goggles,Ski,58,58.0,87.52,5076.16,Received,2026-01-09,2026-01-09,Supplier SKU: ALP-3062,system,2025-12-24 11:10:37
309,105,PO-2025-0105,3053,Waterproof Ski Pants,Ski,7,7.0,173.38,1213.66,Received,2026-01-09,2026-01-09,Supplier SKU: ALP-3053,system,2025-12-24 11:10:37
310,106,PO-2026-0106,1553,Adventure Dining Table,Camping,5,5.0,117.62,588.1,Received,2026-02-15,2026-02-16,Supplier SKU: CON-1553,system,2026-02-02 11:10:37
311,107,PO-2025-0107,3052,Thermal Base Layer Set - Women's,Ski,16,16.0,94.36,1509.76,Received,2026-01-04,2026-01-05,Supplier SKU: ALP-3052,system,2025-12-23 11:10:37
312,107,PO-2025-0107,3011,Alpine Pro Racing Skis - 170cm,Ski,10,10.0,909.68,9096.8,Received,2026-01-04,2026-01-05,Supplier SKU: ALP-3011,system,2025-12-23 11:10:37
313,108,PO-2025-0108,1571,CozyNights Sleeping Bag,Camping,5,5.0,98.63,493.15,Received,2025-12-26,2025-12-30,Supplier SKU: CON-1571,system,2025-12-17 11:10:37
314,108,PO-2025-0108,1551,BaseCamp Folding Table,Camping,34,34.0,68.19,2318.46,Received,2025-12-26,2025-12-30,Supplier SKU: CON-1551,system,2025-12-17 11:10:37
315,108,PO-2025-0108,1572,MountainDream Sleeping Bag,Camping,5,3.0,199.2,996.0,Backordered,2025-12-26,2025-12-30,Supplier SKU: CON-1572,system,2025-12-17 11:10:37
316,108,PO-2025-0108,1511,Alpine Explorer Tent,Camping,111,111.0,313.3,34776.3,Received,2025-12-26,2025-12-30,Supplier SKU: CON-1511,system,2025-12-17 11:10:37
317,108,PO-2025-0108,1563,CompactCook Camping Stove,Camping,2,2.0,63.08,126.16,Received,2025-12-26,2025-12-30,Supplier SKU: CON-1563,system,2025-12-17 11:10:37
318,109,PO-2026-0109,2051,Ice Cream Bowl,Kitchen,11,11.0,15.86,174.46,Received,2026-03-02,2026-03-05,Supplier SKU: PRO-2051,system,2026-02-20 11:10:37
319,110,PO-2026-0110,2091,Spatula,Kitchen,182,182.0,8.83,1607.06,Received,2026-03-04,2026-03-04,Supplier SKU: PRO-2091,system,2026-02-19 11:10:37
320,110,PO-2026-0110,2112,4-Slice Toaster,Kitchen,15,15.0,69.59,1043.85,Received,2026-03-04,2026-03-04,Supplier SKU: PRO-2112,system,2026-02-19 11:10:37
321,110,PO-2026-0110,2041,Serving Platter,Kitchen,1,1.0,43.5,43.5,Received,2026-03-04,2026-03-04,Supplier SKU: PRO-2041,system,2026-02-19 11:10:37
322,110,PO-2026-0110,2021,Chef Knife,Kitchen,11,11.0,54.49,599.39,Received,2026-03-04,2026-03-04,Supplier SKU: PRO-2021,system,2026-02-19 11:10:37
323,110,PO-2026-0110,2121,Bamboo Cutting Board Set,Kitchen,66,66.0,31.46,2076.36,Received,2026-03-04,2026-03-04,Supplier SKU: PRO-2121,system,2026-02-19 11:10:37
324,111,PO-2026-0111,1563,CompactCook Camping Stove,Camping,2,2.0,63.08,126.16,Received,2026-02-15,2026-02-15,Supplier SKU: CON-1563,system,2026-02-03 11:10:37
325,111,PO-2026-0111,1522,SummitClimber Backpack,Camping,13,13.0,160.09,2081.17,Received,2026-02-15,2026-02-15,Supplier SKU: CON-1522,system,2026-02-03 11:10:37
326,111,PO-2026-0111,1553,Adventure Dining Table,Camping,19,19.0,117.62,2234.78,Received,2026-02-15,2026-02-15,Supplier SKU: CON-1553,system,2026-02-03 11:10:37
327,111,PO-2026-0111,1542,TrailWalker Hiking Shoes,Camping,43,43.0,92.05,3958.15,Received,2026-02-15,2026-02-15,Supplier SKU: CON-1542,system,2026-02-03 11:10:37
328,112,PO-2026-0112,3102,Winter Hiking Boots - Waterproof,Ski,42,41.0,182.63,7670.46,Backordered,2026-01-24,2026-01-26,Supplier SKU: FAB-3102,system,2026-01-12 11:10:37
329,112,PO-2026-0112,3051,Insulated Ski Jacket - Men's,Ski,92,92.0,228.23,20997.16,Received,2026-01-24,2026-01-26,Supplier SKU: FAB-3051,system,2026-01-12 11:10:37
330,113,PO-2025-0113,3051,Insulated Ski Jacket - Men's,Ski,121,121.0,228.23,27615.83,Received,2026-01-10,2026-01-11,Supplier SKU: FAB-3051,system,2025-12-23 11:10:37
331,114,PO-2026-0114,1581,LED Headlamp - Rechargeable,Camping,1,,54.29,54.29,Shipped,2026-04-01,,Supplier SKU: WOR-1581,system,2026-03-07 11:10:37
332,114,PO-2026-0114,1511,Alpine Explorer Tent,Camping,2,,353.49,706.98,Shipped,2026-04-01,,Supplier SKU: WOR-1511,system,2026-03-07 11:10:37
333,114,PO-2026-0114,3104,Ski Tuning Bench - Portable,Ski,15,,137.25,2058.75,Shipped,2026-04-01,,Supplier SKU: WOR-3104,system,2026-03-07 11:10:37
334,115,PO-2026-0115,3061,Professional Ski Helmet,Ski,1,1.0,126.34,126.34,Received,2026-03-13,2026-03-14,Supplier SKU: ALP-3061,system,2026-02-28 11:10:37
335,115,PO-2026-0115,3033,Women's Performance Ski Boots,Ski,7,7.0,436.47,3055.29,Received,2026-03-13,2026-03-14,Supplier SKU: ALP-3033,system,2026-02-28 11:10:37
336,116,PO-2026-0116,1512,SkyView 2-Person Tent,Camping,3,3.0,237.35,712.05,Received,2026-02-02,2026-02-05,Supplier SKU: CON-1512,system,2026-01-23 11:10:37
337,116,PO-2026-0116,1533,RainGuard Hiking Jacket,Camping,1,1.0,116.22,116.22,Received,2026-02-02,2026-02-05,Supplier SKU: CON-1533,system,2026-01-23 11:10:37
338,116,PO-2026-0116,1562,PowerBurner Camping Stove,Camping,49,49.0,147.27,7216.23,Received,2026-02-02,2026-02-05,Supplier SKU: CON-1562,system,2026-01-23 11:10:37
339,116,PO-2026-0116,1572,MountainDream Sleeping Bag,Camping,4,4.0,199.2,796.8,Received,2026-02-02,2026-02-05,Supplier SKU: CON-1572,system,2026-01-23 11:10:37
340,116,PO-2026-0116,1551,BaseCamp Folding Table,Camping,24,24.0,68.19,1636.56,Received,2026-02-02,2026-02-05,Supplier SKU: CON-1551,system,2026-01-23 11:10:37
341,117,PO-2026-0117,1561,EcoFire Camping Stove,Camping,3,,82.2,246.6,Shipped,2026-03-20,,Supplier SKU: WOR-1561,system,2026-02-23 11:10:37
342,118,PO-2026-0118,1562,PowerBurner Camping Stove,Camping,45,45.0,145.56,6550.2,Received,2026-01-25,2026-01-26,Supplier SKU: WOR-1562,system,2026-01-02 11:10:37
343,118,PO-2026-0118,3012,Mountain Master All-Terrain Skis - 165cm,Ski,87,87.0,728.77,63402.99,Received,2026-01-25,2026-01-26,Supplier SKU: WOR-3012,system,2026-01-02 11:10:37
344,118,PO-2026-0118,3104,Ski Tuning Bench - Portable,Ski,32,29.0,137.25,4392.0,Backordered,2026-01-25,2026-01-26,Supplier SKU: WOR-3104,system,2026-01-02 11:10:37
345,119,PO-2026-0119,1552,TrekMaster Camping Chair,Camping,24,24.0,53.14,1275.36,Received,2026-01-19,2026-01-22,Supplier SKU: CON-1552,system,2026-01-08 11:10:37
346,119,PO-2026-0119,1523,TrailLite Daypack,Camping,45,45.0,52.82,2376.9,Received,2026-01-19,2026-01-22,Supplier SKU: CON-1523,system,2026-01-08 11:10:37
347,120,PO-2026-0120,1553,Adventure Dining Table,Camping,17,17.0,117.62,1999.54,Received,2026-02-04,2026-02-05,Supplier SKU: CON-1553,system,2026-01-23 11:10:37
348,121,PO-2026-0121,2071,Baking Pan,Kitchen,16,16.0,21.21,339.36,Received,2026-02-15,2026-02-17,Supplier SKU: WOR-2071,system,2026-01-22 11:10:37
349,121,PO-2026-0121,1522,SummitClimber Backpack,Camping,91,91.0,184.07,16750.37,Received,2026-02-15,2026-02-17,Supplier SKU: WOR-1522,system,2026-01-22 11:10:37
350,121,PO-2026-0121,1561,EcoFire Camping Stove,Camping,5,5.0,82.2,411.0,Received,2026-02-15,2026-02-17,Supplier SKU: WOR-1561,system,2026-01-22 11:10:37
351,121,PO-2026-0121,3104,Ski Tuning Bench - Portable,Ski,19,19.0,137.25,2607.75,Received,2026-02-15,2026-02-17,Supplier SKU: WOR-3104,system,2026-01-22 11:10:37
352,122,PO-2026-0122,3051,Insulated Ski Jacket - Men's,Ski,11,11.0,192.05,2112.55,Received,2026-01-23,2026-01-26,Supplier SKU: ALP-3051,system,2026-01-06 11:10:37
353,122,PO-2026-0122,3022,Backcountry Explorer XC Skis - 190cm,Ski,197,197.0,336.12,66215.64,Received,2026-01-23,2026-01-26,Supplier SKU: ALP-3022,system,2026-01-06 11:10:37
354,123,PO-2026-0123,3051,Insulated Ski Jacket - Men's,Ski,30,30.0,228.23,6846.9,Received,2026-01-26,2026-01-27,Supplier SKU: FAB-3051,system,2026-01-14 11:10:37
355,123,PO-2026-0123,3022,Backcountry Explorer XC Skis - 190cm,Ski,35,35.0,357.97,12528.95,Received,2026-01-26,2026-01-27,Supplier SKU: FAB-3022,system,2026-01-14 11:10:37
356,123,PO-2026-0123,3102,Winter Hiking Boots - Waterproof,Ski,109,109.0,182.63,19906.67,Received,2026-01-26,2026-01-27,Supplier SKU: FAB-3102,system,2026-01-14 11:10:37
357,124,PO-2026-0124,3011,Alpine Pro Racing Skis - 170cm,Ski,4,4.0,1067.09,4268.36,Received,2026-01-28,2026-01-30,Supplier SKU: FAB-3011,system,2026-01-11 11:10:37
358,124,PO-2026-0124,3031,Pro Flex Racing Ski Boots,Ski,55,55.0,495.47,27250.85,Received,2026-01-28,2026-01-30,Supplier SKU: FAB-3031,system,2026-01-11 11:10:37
359,124,PO-2026-0124,3051,Insulated Ski Jacket - Men's,Ski,91,91.0,228.23,20768.93,Received,2026-01-28,2026-01-30,Supplier SKU: FAB-3051,system,2026-01-11 11:10:37
360,124,PO-2026-0124,3013,Beginner's Choice Alpine Skis - 160cm,Ski,37,37.0,301.05,11138.85,Received,2026-01-28,2026-01-30,Supplier SKU: FAB-3013,system,2026-01-11 11:10:37
361,125,PO-2026-0125,2061,Mixing Bowl,Kitchen,22,,31.76,698.72,Pending,2026-03-25,,Supplier SKU: PRO-2061,system,2026-03-13 11:10:37
362,125,PO-2026-0125,2071,Baking Pan,Kitchen,20,,21.93,438.6,Pending,2026-03-25,,Supplier SKU: PRO-2071,system,2026-03-13 11:10:37
363,126,PO-2026-0126,1542,TrailWalker Hiking Shoes,Camping,110,,84.74,9321.4,Pending,2026-03-18,,Supplier SKU: WOR-1542,system,2026-02-27 11:10:37
364,126,PO-2026-0126,1522,SummitClimber Backpack,Camping,176,,184.07,32396.32,Pending,2026-03-18,,Supplier SKU: WOR-1522,system,2026-02-27 11:10:37
365,126,PO-2026-0126,3104,Ski Tuning Bench - Portable,Ski,17,,137.25,2333.25,Pending,2026-03-18,,Supplier SKU: WOR-3104,system,2026-02-27 11:10:37
366,126,PO-2026-0126,1561,EcoFire Camping Stove,Camping,4,,82.2,328.8,Pending,2026-03-18,,Supplier SKU: WOR-1561,system,2026-02-27 11:10:37
367,127,PO-2025-0127,1541,TrekReady Hiking Boots,Camping,29,20.0,137.96,4000.84,Backordered,2026-01-04,2026-01-07,Supplier SKU: CON-1541,system,2025-12-20 11:10:37
368,127,PO-2025-0127,1553,Adventure Dining Table,Camping,6,6.0,117.62,705.72,Received,2026-01-04,2026-01-07,Supplier SKU: CON-1553,system,2025-12-20 11:10:37
369,127,PO-2025-0127,1511,Alpine Explorer Tent,Camping,117,117.0,313.3,36656.1,Received,2026-01-04,2026-01-07,Supplier SKU: CON-1511,system,2025-12-20 11:10:37
370,127,PO-2025-0127,1551,BaseCamp Folding Table,Camping,25,25.0,68.19,1704.75,Received,2026-01-04,2026-01-07,Supplier SKU: CON-1551,system,2025-12-20 11:10:37
371,128,PO-2026-0128,1552,TrekMaster Camping Chair,Camping,19,19.0,53.14,1009.66,Received,2026-03-15,2026-03-18,Supplier SKU: CON-1552,system,2026-03-04 11:10:37
372,128,PO-2026-0128,1511,Alpine Explorer Tent,Camping,76,76.0,313.3,23810.8,Received,2026-03-15,2026-03-18,Supplier SKU: CON-1511,system,2026-03-04 11:10:37
373,129,PO-2026-0129,1572,MountainDream Sleeping Bag,Camping,5,5.0,199.2,996.0,Received,2026-01-31,2026-01-31,Supplier SKU: CON-1572,system,2026-01-18 11:10:37
374,129,PO-2026-0129,1551,BaseCamp Folding Table,Camping,47,47.0,68.19,3204.93,Received,2026-01-31,2026-01-31,Supplier SKU: CON-1551,system,2026-01-18 11:10:37
375,129,PO-2026-0129,1512,SkyView 2-Person Tent,Camping,2,1.0,237.35,474.7,Backordered,2026-01-31,2026-01-31,Supplier SKU: CON-1512,system,2026-01-18 11:10:37
376,129,PO-2026-0129,1541,TrekReady Hiking Boots,Camping,39,39.0,137.96,5380.44,Received,2026-01-31,2026-01-31,Supplier SKU: CON-1541,system,2026-01-18 11:10:37
377,130,PO-2025-0130,3032,Comfort Fit Recreational Boots,Ski,20,20.0,280.22,5604.4,Received,2026-01-11,2026-01-12,Supplier SKU: ALP-3032,system,2025-12-30 11:10:37
378,130,PO-2025-0130,3104,Ski Tuning Bench - Portable,Ski,20,20.0,122.99,2459.8,Received,2026-01-11,2026-01-12,Supplier SKU: ALP-3104,system,2025-12-30 11:10:37
379,130,PO-2025-0130,3042,Aluminum All-Mountain Poles - 115cm,Ski,198,198.0,63.97,12666.06,Received,2026-01-11,2026-01-12,Supplier SKU: ALP-3042,system,2025-12-30 11:10:37
380,130,PO-2025-0130,3081,All-Temp Ski Wax Kit,Ski,40,40.0,51.76,2070.4,Received,2026-01-11,2026-01-12,Supplier SKU: ALP-3081,system,2025-12-30 11:10:37
381,130,PO-2025-0130,3013,Beginner's Choice Alpine Skis - 160cm,Ski,85,85.0,350.14,29761.9,Received,2026-01-11,2026-01-12,Supplier SKU: ALP-3013,system,2025-12-30 11:10:37
382,131,PO-2026-0131,1552,TrekMaster Camping Chair,Camping,24,24.0,53.14,1275.36,Received,2026-03-13,2026-03-13,Supplier SKU: CON-1552,system,2026-03-02 11:10:37
383,131,PO-2026-0131,1561,EcoFire Camping Stove,Camping,3,3.0,93.29,279.87,Received,2026-03-13,2026-03-13,Supplier SKU: CON-1561,system,2026-03-02 11:10:37
384,131,PO-2026-0131,1541,TrekReady Hiking Boots,Camping,42,42.0,137.96,5794.32,Received,2026-03-13,2026-03-13,Supplier SKU: CON-1541,system,2026-03-02 11:10:37
385,132,PO-2026-0132,3102,Winter Hiking Boots - Waterproof,Ski,4,4.0,157.0,628.0,Received,2026-02-04,2026-02-04,Supplier SKU: ALP-3102,system,2026-01-24 11:10:37
386,132,PO-2026-0132,3092,All-Mountain Snowboard - 158cm,Ski,36,35.0,511.74,18422.64,Backordered,2026-02-04,2026-02-04,Supplier SKU: ALP-3092,system,2026-01-24 11:10:37
387,132,PO-2026-0132,3042,Aluminum All-Mountain Poles - 115cm,Ski,136,136.0,63.97,8699.92,Received,2026-02-04,2026-02-04,Supplier SKU: ALP-3042,system,2026-01-24 11:10:37
388,132,PO-2026-0132,3061,Professional Ski Helmet,Ski,4,2.0,126.34,505.36,Backordered,2026-02-04,2026-02-04,Supplier SKU: ALP-3061,system,2026-01-24 11:10:37
389,132,PO-2026-0132,3103,Snowboard Bindings - Pro,Ski,3,3.0,197.49,592.47,Received,2026-02-04,2026-02-04,Supplier SKU: ALP-3103,system,2026-01-24 11:10:37
390,133,PO-2026-0133,2091,Spatula,Kitchen,158,,8.83,1395.14,Pending,2026-03-23,,Supplier SKU: PRO-2091,system,2026-03-12 11:10:37
391,133,PO-2026-0133,2021,Chef Knife,Kitchen,25,,54.49,1362.25,Pending,2026-03-23,,Supplier SKU: PRO-2021,system,2026-03-12 11:10:37
392,133,PO-2026-0133,2112,4-Slice Toaster,Kitchen,14,,69.59,974.26,Pending,2026-03-23,,Supplier SKU: PRO-2112,system,2026-03-12 11:10:37
393,133,PO-2026-0133,2011,Coffee Maker,Kitchen,119,,140.77,16751.63,Pending,2026-03-23,,Supplier SKU: PRO-2011,system,2026-03-12 11:10:37
394,133,PO-2026-0133,2101,Measuring Cup Set,Kitchen,48,,14.49,695.52,Pending,2026-03-23,,Supplier SKU: PRO-2101,system,2026-03-12 11:10:37
395,134,PO-2026-0134,2061,Mixing Bowl,Kitchen,10,10.0,31.76,317.6,Received,2026-03-09,2026-03-10,Supplier SKU: PRO-2061,system,2026-02-23 11:10:37
396,134,PO-2026-0134,2101,Measuring Cup Set,Kitchen,43,43.0,14.49,623.07,Received,2026-03-09,2026-03-10,Supplier SKU: PRO-2101,system,2026-02-23 11:10:37
397,134,PO-2026-0134,2012,Espresso Machine,Kitchen,98,98.0,286.54,28080.92,Received,2026-03-09,2026-03-10,Supplier SKU: PRO-2012,system,2026-02-23 11:10:37
398,134,PO-2026-0134,2021,Chef Knife,Kitchen,23,23.0,54.49,1253.27,Received,2026-03-09,2026-03-10,Supplier SKU: PRO-2021,system,2026-02-23 11:10:37
399,134,PO-2026-0134,2121,Bamboo Cutting Board Set,Kitchen,59,59.0,31.46,1856.14,Received,2026-03-09,2026-03-10,Supplier SKU: PRO-2121,system,2026-02-23 11:10:37
400,135,PO-2026-0135,1522,SummitClimber Backpack,Camping,79,79.0,184.07,14541.53,Received,2026-03-12,2026-03-12,Supplier SKU: WOR-1522,system,2026-02-17 11:10:37
401,135,PO-2026-0135,3012,Mountain Master All-Terrain Skis - 165cm,Ski,131,131.0,728.77,95468.87,Received,2026-03-12,2026-03-12,Supplier SKU: WOR-3012,system,2026-02-17 11:10:37
402,135,PO-2026-0135,1561,EcoFire Camping Stove,Camping,4,4.0,82.2,328.8,Received,2026-03-12,2026-03-12,Supplier SKU: WOR-1561,system,2026-02-17 11:10:37
403,135,PO-2026-0135,1511,Alpine Explorer Tent,Camping,2,2.0,353.49,706.98,Received,2026-03-12,2026-03-12,Supplier SKU: WOR-1511,system,2026-02-17 11:10:37
404,135,PO-2026-0135,1581,LED Headlamp - Rechargeable,Camping,4,4.0,54.29,217.16,Received,2026-03-12,2026-03-12,Supplier SKU: WOR-1581,system,2026-02-17 11:10:37
405,136,PO-2026-0136,1511,Alpine Explorer Tent,Camping,4,,353.49,1413.96,Pending,2026-03-29,,Supplier SKU: WOR-1511,system,2026-03-05 11:10:37
406,136,PO-2026-0136,3104,Ski Tuning Bench - Portable,Ski,21,,137.25,2882.25,Pending,2026-03-29,,Supplier SKU: WOR-3104,system,2026-03-05 11:10:37
407,136,PO-2026-0136,3012,Mountain Master All-Terrain Skis - 165cm,Ski,107,,728.77,77978.39,Pending,2026-03-29,,Supplier SKU: WOR-3012,system,2026-03-05 11:10:37
408,137,PO-2026-0137,2091,Spatula,Kitchen,244,244.0,8.83,2154.52,Received,2026-01-31,2026-02-06,Supplier SKU: PRO-2091,system,2026-01-19 11:10:37
409,137,PO-2026-0137,2041,Serving Platter,Kitchen,2,2.0,43.5,87.0,Received,2026-01-31,2026-02-06,Supplier SKU: PRO-2041,system,2026-01-19 11:10:37
410,138,PO-2026-0138,2012,Espresso Machine,Kitchen,94,94.0,286.54,26934.76,Received,2026-02-11,2026-02-14,Supplier SKU: PRO-2012,system,2026-01-28 11:10:37
411,138,PO-2026-0138,2061,Mixing Bowl,Kitchen,11,11.0,31.76,349.36,Received,2026-02-11,2026-02-14,Supplier SKU: PRO-2061,system,2026-01-28 11:10:37
412,138,PO-2026-0138,2021,Chef Knife,Kitchen,10,10.0,54.49,544.9,Received,2026-02-11,2026-02-14,Supplier SKU: PRO-2021,system,2026-01-28 11:10:37
413,138,PO-2026-0138,2081,Food Storage Set,Kitchen,30,30.0,26.64,799.2,Received,2026-02-11,2026-02-14,Supplier SKU: PRO-2081,system,2026-01-28 11:10:37
414,139,PO-2026-0139,2091,Spatula,Kitchen,242,195.0,8.83,2136.86,Backordered,2026-03-02,2026-03-04,Supplier SKU: PRO-2091,system,2026-02-16 11:10:37
415,139,PO-2026-0139,2081,Food Storage Set,Kitchen,83,83.0,26.64,2211.12,Received,2026-03-02,2026-03-04,Supplier SKU: PRO-2081,system,2026-02-16 11:10:37
416,140,PO-2026-0140,3022,Backcountry Explorer XC Skis - 190cm,Ski,40,40.0,357.97,14318.8,Received,2026-01-25,2026-01-28,Supplier SKU: FAB-3022,system,2026-01-07 11:10:37
417,140,PO-2026-0140,3013,Beginner's Choice Alpine Skis - 160cm,Ski,33,33.0,301.05,9934.65,Received,2026-01-25,2026-01-28,Supplier SKU: FAB-3013,system,2026-01-07 11:10:37
418,141,PO-2026-0141,2101,Measuring Cup Set,Kitchen,28,,14.49,405.72,Shipped,2026-03-20,,Supplier SKU: PRO-2101,system,2026-03-06 11:10:37
419,141,PO-2026-0141,2061,Mixing Bowl,Kitchen,10,,31.76,317.6,Shipped,2026-03-20,,Supplier SKU: PRO-2061,system,2026-03-06 11:10:37
420,141,PO-2026-0141,2051,Ice Cream Bowl,Kitchen,6,,15.86,95.16,Shipped,2026-03-20,,Supplier SKU: PRO-2051,system,2026-03-06 11:10:37
421,142,PO-2025-0142,3071,Ski Boot Bag - Premium,Ski,237,237.0,39.96,9470.52,Received,2026-01-02,2026-01-02,Supplier SKU: ALP-3071,system,2025-12-18 11:10:37
422,142,PO-2025-0142,3011,Alpine Pro Racing Skis - 170cm,Ski,48,48.0,909.68,43664.64,Received,2026-01-02,2026-01-02,Supplier SKU: ALP-3011,system,2025-12-18 11:10:37
423,143,PO-2026-0143,3082,Edge Tuning Tool Set,Ski,9,9.0,95.08,855.72,Received,2026-02-16,2026-02-18,Supplier SKU: ALP-3082,system,2026-02-05 11:10:37
424,144,PO-2026-0144,1542,TrailWalker Hiking Shoes,Camping,58,58.0,92.05,5338.9,Received,2026-02-28,2026-03-02,Supplier SKU: CON-1542,system,2026-02-15 11:10:37
425,144,PO-2026-0144,1572,MountainDream Sleeping Bag,Camping,4,3.0,199.2,796.8,Backordered,2026-02-28,2026-03-02,Supplier SKU: CON-1572,system,2026-02-15 11:10:37
426,145,PO-2025-0145,2121,Bamboo Cutting Board Set,Kitchen,25,25.0,31.46,786.5,Received,2026-01-02,2026-01-03,Supplier SKU: PRO-2121,system,2025-12-21 11:10:37
427,146,PO-2026-0146,3102,Winter Hiking Boots - Waterproof,Ski,62,62.0,182.63,11323.06,Received,2026-02-27,2026-03-02,Supplier SKU: FAB-3102,system,2026-02-09 11:10:37
428,146,PO-2026-0146,3031,Pro Flex Racing Ski Boots,Ski,140,140.0,495.47,69365.8,Received,2026-02-27,2026-03-02,Supplier SKU: FAB-3031,system,2026-02-09 11:10:37
429,146,PO-2026-0146,3051,Insulated Ski Jacket - Men's,Ski,117,117.0,228.23,26702.91,Received,2026-02-27,2026-03-02,Supplier SKU: FAB-3051,system,2026-02-09 11:10:37
430,147,PO-2026-0147,3061,Professional Ski Helmet,Ski,3,3.0,126.34,379.02,Received,2026-02-10,2026-02-11,Supplier SKU: ALP-3061,system,2026-01-27 11:10:37
431,147,PO-2026-0147,3033,Women's Performance Ski Boots,Ski,19,19.0,436.47,8292.93,Received,2026-02-10,2026-02-11,Supplier SKU: ALP-3033,system,2026-01-27 11:10:37
432,147,PO-2026-0147,3104,Ski Tuning Bench - Portable,Ski,11,11.0,122.99,1352.89,Received,2026-02-10,2026-02-11,Supplier SKU: ALP-3104,system,2026-01-27 11:10:37
433,148,PO-2026-0148,1511,Alpine Explorer Tent,Camping,4,4.0,353.49,1413.96,Received,2026-02-04,2026-02-04,Supplier SKU: WOR-1511,system,2026-01-11 11:10:37
434,148,PO-2026-0148,1542,TrailWalker Hiking Shoes,Camping,121,99.0,84.74,10253.54,Backordered,2026-02-04,2026-02-04,Supplier SKU: WOR-1542,system,2026-01-11 11:10:37
435,148,PO-2026-0148,3012,Mountain Master All-Terrain Skis - 165cm,Ski,217,217.0,728.77,158143.09,Received,2026-02-04,2026-02-04,Supplier SKU: WOR-3012,system,2026-01-11 11:10:37
436,148,PO-2026-0148,1562,PowerBurner Camping Stove,Camping,12,12.0,145.56,1746.72,Received,2026-02-04,2026-02-04,Supplier SKU: WOR-1562,system,2026-01-11 11:10:37
437,148,PO-2026-0148,1572,MountainDream Sleeping Bag,Camping,12,12.0,209.41,2512.92,Received,2026-02-04,2026-02-04,Supplier SKU: WOR-1572,system,2026-01-11 11:10:37
438,149,PO-2026-0149,1561,EcoFire Camping Stove,Camping,1,,82.2,82.2,Shipped,2026-03-30,,Supplier SKU: WOR-1561,system,2026-03-06 11:10:37
439,149,PO-2026-0149,1542,TrailWalker Hiking Shoes,Camping,131,,84.74,11100.94,Shipped,2026-03-30,,Supplier SKU: WOR-1542,system,2026-03-06 11:10:37
440,149,PO-2026-0149,3104,Ski Tuning Bench - Portable,Ski,26,,137.25,3568.5,Shipped,2026-03-30,,Supplier SKU: WOR-3104,system,2026-03-06 11:10:37
441,150,PO-2026-0150,3012,Mountain Master All-Terrain Skis - 165cm,Ski,165,149.0,728.77,120247.05,Backordered,2026-03-09,2026-03-09,Supplier SKU: WOR-3012,system,2026-02-16 11:10:37
442,150,PO-2026-0150,2071,Baking Pan,Kitchen,10,10.0,21.21,212.1,Received,2026-03-09,2026-03-09,Supplier SKU: WOR-2071,system,2026-02-16 11:10:37
443,151,PO-2026-0151,2071,Baking Pan,Kitchen,5,5.0,21.93,109.65,Received,2026-01-25,2026-01-26,Supplier SKU: PRO-2071,system,2026-01-15 11:10:37
444,152,PO-2026-0152,3033,Women's Performance Ski Boots,Ski,7,7.0,436.47,3055.29,Received,2026-02-03,2026-02-03,Supplier SKU: ALP-3033,system,2026-01-19 11:10:37
445,152,PO-2026-0152,3101,Winter Boots - Insulated,Ski,16,11.0,119.61,1913.76,Backordered,2026-02-03,2026-02-03,Supplier SKU: ALP-3101,system,2026-01-19 11:10:37
446,153,PO-2026-0153,1532,TrailBlaze Hiking Pants,Camping,28,28.0,62.58,1752.24,Received,2026-03-10,2026-03-10,Supplier SKU: CON-1532,system,2026-03-01 11:10:37
447,153,PO-2026-0153,1551,BaseCamp Folding Table,Camping,29,29.0,68.19,1977.51,Received,2026-03-10,2026-03-10,Supplier SKU: CON-1551,system,2026-03-01 11:10:37
448,153,PO-2026-0153,1512,SkyView 2-Person Tent,Camping,4,3.0,237.35,949.4,Backordered,2026-03-10,2026-03-10,Supplier SKU: CON-1512,system,2026-03-01 11:10:37
449,153,PO-2026-0153,1521,Adventurer Pro Backpack,Camping,54,54.0,117.87,6364.98,Received,2026-03-10,2026-03-10,Supplier SKU: CON-1521,system,2026-03-01 11:10:37
450,153,PO-2026-0153,1561,EcoFire Camping Stove,Camping,1,1.0,93.29,93.29,Received,2026-03-10,2026-03-10,Supplier SKU: CON-1561,system,2026-03-01 11:10:37
451,154,PO-2025-0154,2051,Ice Cream Bowl,Kitchen,21,21.0,15.86,333.06,Received,2026-01-05,2026-01-08,Supplier SKU: PRO-2051,system,2025-12-28 11:10:37
452,154,PO-2025-0154,2101,Measuring Cup Set,Kitchen,37,37.0,14.49,536.13,Received,2026-01-05,2026-01-08,Supplier SKU: PRO-2101,system,2025-12-28 11:10:37
453,154,PO-2025-0154,2022,Fork Set,Kitchen,43,43.0,27.76,1193.68,Received,2026-01-05,2026-01-08,Supplier SKU: PRO-2022,system,2025-12-28 11:10:37
454,154,PO-2025-0154,2121,Bamboo Cutting Board Set,Kitchen,114,114.0,31.46,3586.44,Received,2026-01-05,2026-01-08,Supplier SKU: PRO-2121,system,2025-12-28 11:10:37
455,154,PO-2025-0154,2031,Coffee Mug,Kitchen,4,4.0,20.63,82.52,Received,2026-01-05,2026-01-08,Supplier SKU: PRO-2031,system,2025-12-28 11:10:37
456,155,PO-2026-0155,2031,Coffee Mug,Kitchen,5,5.0,20.63,103.15,Received,2026-02-27,2026-03-01,Supplier SKU: PRO-2031,system,2026-02-14 11:10:37
457,156,PO-2026-0156,3041,Carbon Fiber Racing Poles - 120cm,Ski,9,,142.69,1284.21,Pending,2026-03-21,,Supplier SKU: ALP-3041,system,2026-03-10 11:10:37
458,156,PO-2026-0156,3104,Ski Tuning Bench - Portable,Ski,5,,122.99,614.95,Pending,2026-03-21,,Supplier SKU: ALP-3104,system,2026-03-10 11:10:37
459,156,PO-2026-0156,3103,Snowboard Bindings - Pro,Ski,3,,197.49,592.47,Pending,2026-03-21,,Supplier SKU: ALP-3103,system,2026-03-10 11:10:37
460,157,PO-2026-0157,3012,Mountain Master All-Terrain Skis - 165cm,Ski,234,234.0,728.77,170532.18,Received,2026-03-04,2026-03-07,Supplier SKU: WOR-3012,system,2026-02-07 11:10:37
461,158,PO-2026-0158,2111,High-Speed Blender,Kitchen,101,101.0,128.4,12968.4,Received,2026-01-24,2026-01-24,Supplier SKU: PRO-2111,system,2026-01-13 11:10:37
462,158,PO-2026-0158,2071,Baking Pan,Kitchen,12,12.0,21.93,263.16,Received,2026-01-24,2026-01-24,Supplier SKU: PRO-2071,system,2026-01-13 11:10:37
463,158,PO-2026-0158,2031,Coffee Mug,Kitchen,5,4.0,20.63,103.15,Backordered,2026-01-24,2026-01-24,Supplier SKU: PRO-2031,system,2026-01-13 11:10:37
464,159,PO-2026-0159,3071,Ski Boot Bag - Premium,Ski,108,108.0,39.96,4315.68,Received,2026-02-11,2026-02-25,Supplier SKU: ALP-3071,system,2026-02-01 11:10:37
465,159,PO-2026-0159,3021,Nordic Classic XC Skis - 185cm,Ski,108,108.0,233.42,25209.36,Received,2026-02-11,2026-02-25,Supplier SKU: ALP-3021,system,2026-02-01 11:10:37
466,159,PO-2026-0159,3042,Aluminum All-Mountain Poles - 115cm,Ski,244,244.0,63.97,15608.68,Received,2026-02-11,2026-02-25,Supplier SKU: ALP-3042,system,2026-02-01 11:10:37
467,159,PO-2026-0159,3062,Anti-Fog Ski Goggles,Ski,123,123.0,87.52,10764.96,Received,2026-02-11,2026-02-25,Supplier SKU: ALP-3062,system,2026-02-01 11:10:37
468,159,PO-2026-0159,3103,Snowboard Bindings - Pro,Ski,4,4.0,197.49,789.96,Received,2026-02-11,2026-02-25,Supplier SKU: ALP-3103,system,2026-02-01 11:10:37
469,160,PO-2026-0160,3082,Edge Tuning Tool Set,Ski,5,,95.08,475.4,Pending,2026-03-17,,Supplier SKU: ALP-3082,system,2026-03-01 11:10:37
470,160,PO-2026-0160,3041,Carbon Fiber Racing Poles - 120cm,Ski,25,,142.69,3567.25,Pending,2026-03-17,,Supplier SKU: ALP-3041,system,2026-03-01 11:10:37
471,160,PO-2026-0160,3091,Freestyle Snowboard - 155cm,Ski,3,,420.23,1260.69,Pending,2026-03-17,,Supplier SKU: ALP-3091,system,2026-03-01 11:10:37
472,160,PO-2026-0160,3061,Professional Ski Helmet,Ski,1,,126.34,126.34,Pending,2026-03-17,,Supplier SKU: ALP-3061,system,2026-03-01 11:10:37
473,160,PO-2026-0160,3071,Ski Boot Bag - Premium,Ski,238,,39.96,9510.48,Pending,2026-03-17,,Supplier SKU: ALP-3071,system,2026-03-01 11:10:37
474,161,PO-2026-0161,3032,Comfort Fit Recreational Boots,Ski,5,5.0,280.22,1401.1,Received,2026-02-21,2026-02-22,Supplier SKU: ALP-3032,system,2026-02-07 11:10:37
475,161,PO-2026-0161,3042,Aluminum All-Mountain Poles - 115cm,Ski,83,83.0,63.97,5309.51,Received,2026-02-21,2026-02-22,Supplier SKU: ALP-3042,system,2026-02-07 11:10:37
476,161,PO-2026-0161,3082,Edge Tuning Tool Set,Ski,9,9.0,95.08,855.72,Received,2026-02-21,2026-02-22,Supplier SKU: ALP-3082,system,2026-02-07 11:10:37
477,162,PO-2025-0162,1522,SummitClimber Backpack,Camping,247,247.0,184.07,45465.29,Received,2026-01-25,2026-01-26,Supplier SKU: WOR-1522,system,2025-12-31 11:10:37
478,162,PO-2025-0162,1581,LED Headlamp - Rechargeable,Camping,3,2.0,54.29,162.87,Backordered,2026-01-25,2026-01-26,Supplier SKU: WOR-1581,system,2025-12-31 11:10:37
479,163,PO-2026-0163,3101,Winter Boots - Insulated,Ski,10,,119.61,1196.1,Pending,2026-03-20,,Supplier SKU: ALP-3101,system,2026-03-07 11:10:37
480,163,PO-2026-0163,3012,Mountain Master All-Terrain Skis - 165cm,Ski,105,,595.82,62561.1,Pending,2026-03-20,,Supplier SKU: ALP-3012,system,2026-03-07 11:10:37
481,163,PO-2026-0163,3091,Freestyle Snowboard - 155cm,Ski,2,,420.23,840.46,Pending,2026-03-20,,Supplier SKU: ALP-3091,system,2026-03-07 11:10:37
482,164,PO-2026-0164,2121,Bamboo Cutting Board Set,Kitchen,99,99.0,31.46,3114.54,Received,2026-03-13,2026-03-13,Supplier SKU: PRO-2121,system,2026-03-03 11:10:37
483,165,PO-2026-0165,2021,Chef Knife,Kitchen,23,23.0,54.49,1253.27,Received,2026-02-14,2026-02-15,Supplier SKU: PRO-2021,system,2026-02-02 11:10:37
484,165,PO-2026-0165,2111,High-Speed Blender,Kitchen,107,107.0,128.4,13738.8,Received,2026-02-14,2026-02-15,Supplier SKU: PRO-2111,system,2026-02-02 11:10:37
485,165,PO-2026-0165,2031,Coffee Mug,Kitchen,2,2.0,20.63,41.26,Received,2026-02-14,2026-02-15,Supplier SKU: PRO-2031,system,2026-02-02 11:10:37
486,165,PO-2026-0165,2112,4-Slice Toaster,Kitchen,14,14.0,69.59,974.26,Received,2026-02-14,2026-02-15,Supplier SKU: PRO-2112,system,2026-02-02 11:10:37
487,166,PO-2025-0166,3011,Alpine Pro Racing Skis - 170cm,Ski,31,31.0,909.68,28200.08,Received,2026-01-15,2026-01-18,Supplier SKU: ALP-3011,system,2025-12-29 11:10:37
488,166,PO-2025-0166,3052,Thermal Base Layer Set - Women's,Ski,14,14.0,94.36,1321.04,Received,2026-01-15,2026-01-18,Supplier SKU: ALP-3052,system,2025-12-29 11:10:37
489,167,PO-2026-0167,1542,TrailWalker Hiking Shoes,Camping,158,,84.74,13388.92,Pending,2026-03-24,,Supplier SKU: WOR-1542,system,2026-02-26 11:10:37
490,167,PO-2026-0167,1522,SummitClimber Backpack,Camping,89,,184.07,16382.23,Pending,2026-03-24,,Supplier SKU: WOR-1522,system,2026-02-26 11:10:37
491,167,PO-2026-0167,3012,Mountain Master All-Terrain Skis - 165cm,Ski,193,,728.77,140652.61,Pending,2026-03-24,,Supplier SKU: WOR-3012,system,2026-02-26 11:10:37
492,167,PO-2026-0167,1572,MountainDream Sleeping Bag,Camping,36,,209.41,7538.76,Pending,2026-03-24,,Supplier SKU: WOR-1572,system,2026-02-26 11:10:37
493,167,PO-2026-0167,1511,Alpine Explorer Tent,Camping,4,,353.49,1413.96,Pending,2026-03-24,,Supplier SKU: WOR-1511,system,2026-02-26 11:10:37
494,168,PO-2026-0168,3041,Carbon Fiber Racing Poles - 120cm,Ski,17,17.0,142.69,2425.73,Received,2026-02-16,2026-02-18,Supplier SKU: ALP-3041,system,2026-01-31 11:10:37
495,168,PO-2026-0168,3103,Snowboard Bindings - Pro,Ski,3,3.0,197.49,592.47,Received,2026-02-16,2026-02-18,Supplier SKU: ALP-3103,system,2026-01-31 11:10:37
496,168,PO-2026-0168,3053,Waterproof Ski Pants,Ski,17,17.0,173.38,2947.46,Received,2026-02-16,2026-02-18,Supplier SKU: ALP-3053,system,2026-01-31 11:10:37
497,168,PO-2026-0168,3091,Freestyle Snowboard - 155cm,Ski,1,1.0,420.23,420.23,Received,2026-02-16,2026-02-18,Supplier SKU: ALP-3091,system,2026-01-31 11:10:37
498,168,PO-2026-0168,3092,All-Mountain Snowboard - 158cm,Ski,32,32.0,511.74,16375.68,Received,2026-02-16,2026-02-18,Supplier SKU: ALP-3092,system,2026-01-31 11:10:37
499,169,PO-2026-0169,1533,RainGuard Hiking Jacket,Camping,2,,116.22,232.44,Shipped,2026-03-27,,Supplier SKU: CON-1533,system,2026-03-12 11:10:37
500,170,PO-2026-0170,2021,Chef Knife,Kitchen,24,24.0,54.49,1307.76,Received,2026-02-24,2026-02-24,Supplier SKU: PRO-2021,system,2026-02-12 11:10:37
501,170,PO-2026-0170,2041,Serving Platter,Kitchen,3,2.0,43.5,130.5,Backordered,2026-02-24,2026-02-24,Supplier SKU: PRO-2041,system,2026-02-12 11:10:37
502,171,PO-2026-0171,3012,Mountain Master All-Terrain Skis - 165cm,Ski,246,246.0,728.77,179277.42,Received,2026-01-28,2026-01-28,Supplier SKU: WOR-3012,system,2026-01-08 11:10:37
503,172,PO-2026-0172,1571,CozyNights Sleeping Bag,Camping,2,1.0,98.63,197.26,Backordered,2026-01-10,2026-01-12,Supplier SKU: CON-1571,system,2026-01-02 11:10:37
504,172,PO-2026-0172,1541,TrekReady Hiking Boots,Camping,17,17.0,137.96,2345.32,Received,2026-01-10,2026-01-12,Supplier SKU: CON-1541,system,2026-01-02 11:10:37
505,172,PO-2026-0172,1551,BaseCamp Folding Table,Camping,36,36.0,68.19,2454.84,Received,2026-01-10,2026-01-12,Supplier SKU: CON-1551,system,2026-01-02 11:10:37
506,172,PO-2026-0172,1563,CompactCook Camping Stove,Camping,1,1.0,63.08,63.08,Received,2026-01-10,2026-01-12,Supplier SKU: CON-1563,system,2026-01-02 11:10:37
507,173,PO-2026-0173,1561,EcoFire Camping Stove,Camping,3,,82.2,246.6,Shipped,2026-03-31,,Supplier SKU: WOR-1561,system,2026-03-10 11:10:37
508,173,PO-2026-0173,3012,Mountain Master All-Terrain Skis - 165cm,Ski,53,,728.77,38624.81,Shipped,2026-03-31,,Supplier SKU: WOR-3012,system,2026-03-10 11:10:37
509,174,PO-2026-0174,3061,Professional Ski Helmet,Ski,5,5.0,126.34,631.7,Received,2026-02-12,2026-02-12,Supplier SKU: ALP-3061,system,2026-02-01 11:10:37
510,174,PO-2026-0174,3102,Winter Hiking Boots - Waterproof,Ski,1,1.0,157.0,157.0,Received,2026-02-12,2026-02-12,Supplier SKU: ALP-3102,system,2026-02-01 11:10:37
511,174,PO-2026-0174,3032,Comfort Fit Recreational Boots,Ski,12,12.0,280.22,3362.64,Received,2026-02-12,2026-02-12,Supplier SKU: ALP-3032,system,2026-02-01 11:10:37
512,174,PO-2026-0174,3041,Carbon Fiber Racing Poles - 120cm,Ski,8,8.0,142.69,1141.52,Received,2026-02-12,2026-02-12,Supplier SKU: ALP-3041,system,2026-02-01 11:10:37
513,175,PO-2026-0175,3091,Freestyle Snowboard - 155cm,Ski,5,,420.23,2101.15,Pending,2026-03-18,,Supplier SKU: ALP-3091,system,2026-03-02 11:10:37
514,175,PO-2026-0175,3081,All-Temp Ski Wax Kit,Ski,47,,51.76,2432.72,Pending,2026-03-18,,Supplier SKU: ALP-3081,system,2026-03-02 11:10:37
515,175,PO-2026-0175,3012,Mountain Master All-Terrain Skis - 165cm,Ski,164,,595.82,97714.48,Pending,2026-03-18,,Supplier SKU: ALP-3012,system,2026-03-02 11:10:37
516,175,PO-2026-0175,3071,Ski Boot Bag - Premium,Ski,72,,39.96,2877.12,Pending,2026-03-18,,Supplier SKU: ALP-3071,system,2026-03-02 11:10:37
517,175,PO-2026-0175,3032,Comfort Fit Recreational Boots,Ski,21,,280.22,5884.62,Pending,2026-03-18,,Supplier SKU: ALP-3032,system,2026-03-02 11:10:37
518,176,PO-2026-0176,3052,Thermal Base Layer Set - Women's,Ski,21,21.0,94.36,1981.56,Received,2026-03-04,2026-03-04,Supplier SKU: ALP-3052,system,2026-02-19 11:10:37
519,176,PO-2026-0176,3102,Winter Hiking Boots - Waterproof,Ski,3,3.0,157.0,471.0,Received,2026-03-04,2026-03-04,Supplier SKU: ALP-3102,system,2026-02-19 11:10:37
520,176,PO-2026-0176,3092,All-Mountain Snowboard - 158cm,Ski,34,34.0,511.74,17399.16,Received,2026-03-04,2026-03-04,Supplier SKU: ALP-3092,system,2026-02-19 11:10:37
521,176,PO-2026-0176,3053,Waterproof Ski Pants,Ski,23,23.0,173.38,3987.74,Received,2026-03-04,2026-03-04,Supplier SKU: ALP-3053,system,2026-02-19 11:10:37
522,176,PO-2026-0176,3042,Aluminum All-Mountain Poles - 115cm,Ski,142,142.0,63.97,9083.74,Received,2026-03-04,2026-03-04,Supplier SKU: ALP-3042,system,2026-02-19 11:10:37
523,177,PO-2025-0177,2112,4-Slice Toaster,Kitchen,22,18.0,69.59,1530.98,Backordered,2026-01-08,2026-01-11,Supplier SKU: PRO-2112,system,2025-12-30 11:10:37
524,177,PO-2025-0177,2121,Bamboo Cutting Board Set,Kitchen,107,107.0,31.46,3366.22,Received,2026-01-08,2026-01-11,Supplier SKU: PRO-2121,system,2025-12-30 11:10:37
525,177,PO-2025-0177,2011,Coffee Maker,Kitchen,98,98.0,140.77,13795.46,Received,2026-01-08,2026-01-11,Supplier SKU: PRO-2011,system,2025-12-30 11:10:37
526,178,PO-2026-0178,1511,Alpine Explorer Tent,Camping,4,4.0,353.49,1413.96,Received,2026-02-12,2026-02-12,Supplier SKU: WOR-1511,system,2026-01-24 11:10:37
527,178,PO-2026-0178,1522,SummitClimber Backpack,Camping,186,186.0,184.07,34237.02,Received,2026-02-12,2026-02-12,Supplier SKU: WOR-1522,system,2026-01-24 11:10:37
528,178,PO-2026-0178,1542,TrailWalker Hiking Shoes,Camping,91,91.0,84.74,7711.34,Received,2026-02-12,2026-02-12,Supplier SKU: WOR-1542,system,2026-01-24 11:10:37
529,178,PO-2026-0178,1561,EcoFire Camping Stove,Camping,4,4.0,82.2,328.8,Received,2026-02-12,2026-02-12,Supplier SKU: WOR-1561,system,2026-01-24 11:10:37
530,179,PO-2025-0179,1581,LED Headlamp - Rechargeable,Camping,48,48.0,47.01,2256.48,Received,2026-01-06,2026-01-09,Supplier SKU: CON-1581,system,2025-12-25 11:10:37
531,179,PO-2025-0179,1562,PowerBurner Camping Stove,Camping,44,44.0,147.27,6479.88,Received,2026-01-06,2026-01-09,Supplier SKU: CON-1562,system,2025-12-25 11:10:37
532,180,PO-2026-0180,2101,Measuring Cup Set,Kitchen,21,21.0,14.49,304.29,Received,2026-03-10,2026-03-10,Supplier SKU: PRO-2101,system,2026-02-28 11:10:37
533,180,PO-2026-0180,2061,Mixing Bowl,Kitchen,13,13.0,31.76,412.88,Received,2026-03-10,2026-03-10,Supplier SKU: PRO-2061,system,2026-02-28 11:10:37
534,180,PO-2026-0180,2041,Serving Platter,Kitchen,4,4.0,43.5,174.0,Received,2026-03-10,2026-03-10,Supplier SKU: PRO-2041,system,2026-02-28 11:10:37
535,180,PO-2026-0180,2091,Spatula,Kitchen,86,86.0,8.83,759.38,Received,2026-03-10,2026-03-10,Supplier SKU: PRO-2091,system,2026-02-28 11:10:37
536,180,PO-2026-0180,2031,Coffee Mug,Kitchen,4,4.0,20.63,82.52,Received,2026-03-10,2026-03-10,Supplier SKU: PRO-2031,system,2026-02-28 11:10:37
537,181,PO-2026-0181,2081,Food Storage Set,Kitchen,93,93.0,26.64,2477.52,Received,2026-02-10,2026-02-11,Supplier SKU: PRO-2081,system,2026-01-31 11:10:37
538,181,PO-2026-0181,2121,Bamboo Cutting Board Set,Kitchen,37,37.0,31.46,1164.02,Received,2026-02-10,2026-02-11,Supplier SKU: PRO-2121,system,2026-01-31 11:10:37
539,181,PO-2026-0181,2051,Ice Cream Bowl,Kitchen,22,22.0,15.86,348.92,Received,2026-02-10,2026-02-11,Supplier SKU: PRO-2051,system,2026-01-31 11:10:37
540,182,PO-2025-0182,3012,Mountain Master All-Terrain Skis - 165cm,Ski,68,68.0,728.77,49556.36,Received,2026-01-22,2026-01-24,Supplier SKU: WOR-3012,system,2025-12-31 11:10:37
541,182,PO-2025-0182,1562,PowerBurner Camping Stove,Camping,27,27.0,145.56,3930.12,Received,2026-01-22,2026-01-24,Supplier SKU: WOR-1562,system,2025-12-31 11:10:37
542,183,PO-2026-0183,3011,Alpine Pro Racing Skis - 170cm,Ski,3,3.0,1067.09,3201.27,Received,2026-03-02,2026-03-02,Supplier SKU: FAB-3011,system,2026-02-18 11:10:37
543,184,PO-2026-0184,1511,Alpine Explorer Tent,Camping,3,,353.49,1060.47,Pending,2026-03-28,,Supplier SKU: WOR-1511,system,2026-03-04 11:10:37
544,184,PO-2026-0184,1561,EcoFire Camping Stove,Camping,1,,82.2,82.2,Pending,2026-03-28,,Supplier SKU: WOR-1561,system,2026-03-04 11:10:37
545,184,PO-2026-0184,1572,MountainDream Sleeping Bag,Camping,50,,209.41,10470.5,Pending,2026-03-28,,Supplier SKU: WOR-1572,system,2026-03-04 11:10:37
546,185,PO-2026-0185,2041,Serving Platter,Kitchen,5,5.0,43.5,217.5,Received,2026-01-22,2026-01-24,Supplier SKU: PRO-2041,system,2026-01-13 11:10:37
547,185,PO-2026-0185,2012,Espresso Machine,Kitchen,118,90.0,286.54,33811.72,Backordered,2026-01-22,2026-01-24,Supplier SKU: PRO-2012,system,2026-01-13 11:10:37
548,185,PO-2026-0185,2112,4-Slice Toaster,Kitchen,18,18.0,69.59,1252.62,Received,2026-01-22,2026-01-24,Supplier SKU: PRO-2112,system,2026-01-13 11:10:37
549,186,PO-2026-0186,1552,TrekMaster Camping Chair,Camping,21,21.0,53.14,1115.94,Received,2026-02-10,2026-02-12,Supplier SKU: CON-1552,system,2026-01-27 11:10:37
550,187,PO-2026-0187,1581,LED Headlamp - Rechargeable,Camping,108,108.0,47.01,5077.08,Received,2026-02-03,2026-02-03,Supplier SKU: CON-1581,system,2026-01-25 11:10:37
551,188,PO-2026-0188,3022,Backcountry Explorer XC Skis - 190cm,Ski,84,,357.97,30069.48,Shipped,2026-03-23,,Supplier SKU: FAB-3022,system,2026-03-09 11:10:37
552,188,PO-2026-0188,3102,Winter Hiking Boots - Waterproof,Ski,85,,182.63,15523.55,Shipped,2026-03-23,,Supplier SKU: FAB-3102,system,2026-03-09 11:10:37
553,189,PO-2026-0189,3041,Carbon Fiber Racing Poles - 120cm,Ski,11,9.0,142.69,1569.59,Backordered,2026-03-10,2026-03-13,Supplier SKU: ALP-3041,system,2026-02-27 11:10:37
554,189,PO-2026-0189,3071,Ski Boot Bag - Premium,Ski,196,196.0,39.96,7832.16,Received,2026-03-10,2026-03-13,Supplier SKU: ALP-3071,system,2026-02-27 11:10:37
555,190,PO-2026-0190,3033,Women's Performance Ski Boots,Ski,14,14.0,436.47,6110.58,Received,2026-02-19,2026-02-22,Supplier SKU: ALP-3033,system,2026-02-05 11:10:37
556,190,PO-2026-0190,3072,Hand Warmers - 10 Pack,Ski,13,12.0,9.22,119.86,Backordered,2026-02-19,2026-02-22,Supplier SKU: ALP-3072,system,2026-02-05 11:10:37
557,190,PO-2026-0190,3022,Backcountry Explorer XC Skis - 190cm,Ski,217,217.0,336.12,72938.04,Received,2026-02-19,2026-02-22,Supplier SKU: ALP-3022,system,2026-02-05 11:10:37
558,190,PO-2026-0190,3051,Insulated Ski Jacket - Men's,Ski,8,8.0,192.05,1536.4,Received,2026-02-19,2026-02-22,Supplier SKU: ALP-3051,system,2026-02-05 11:10:37
559,190,PO-2026-0190,3071,Ski Boot Bag - Premium,Ski,68,68.0,39.96,2717.28,Received,2026-02-19,2026-02-22,Supplier SKU: ALP-3071,system,2026-02-05 11:10:37
560,191,PO-2026-0191,1523,TrailLite Daypack,Camping,33,33.0,52.82,1743.06,Received,2026-03-08,2026-03-09,Supplier SKU: CON-1523,system,2026-02-23 11:10:37
561,192,PO-2026-0192,3022,Backcountry Explorer XC Skis - 190cm,Ski,26,26.0,357.97,9307.22,Received,2026-02-03,2026-02-06,Supplier SKU: FAB-3022,system,2026-01-19 11:10:37
562,193,PO-2026-0193,3051,Insulated Ski Jacket - Men's,Ski,61,,228.23,13922.03,Pending,2026-03-29,,Supplier SKU: FAB-3051,system,2026-03-14 11:10:37
563,193,PO-2026-0193,3022,Backcountry Explorer XC Skis - 190cm,Ski,90,,357.97,32217.3,Pending,2026-03-29,,Supplier SKU: FAB-3022,system,2026-03-14 11:10:37
564,193,PO-2026-0193,3031,Pro Flex Racing Ski Boots,Ski,216,,495.47,107021.52,Pending,2026-03-29,,Supplier SKU: FAB-3031,system,2026-03-14 11:10:37
565,194,PO-2026-0194,1532,TrailBlaze Hiking Pants,Camping,20,20.0,62.58,1251.6,Received,2026-03-09,2026-03-09,Supplier SKU: CON-1532,system,2026-02-26 11:10:37
566,194,PO-2026-0194,1521,Adventurer Pro Backpack,Camping,74,74.0,117.87,8722.38,Received,2026-03-09,2026-03-09,Supplier SKU: CON-1521,system,2026-02-26 11:10:37
567,194,PO-2026-0194,1563,CompactCook Camping Stove,Camping,2,2.0,63.08,126.16,Received,2026-03-09,2026-03-09,Supplier SKU: CON-1563,system,2026-02-26 11:10:37
568,195,PO-2025-0195,3104,Ski Tuning Bench - Portable,Ski,19,19.0,122.99,2336.81,Received,2025-12-31,2026-01-03,Supplier SKU: ALP-3104,system,2025-12-21 11:10:37
569,195,PO-2025-0195,3091,Freestyle Snowboard - 155cm,Ski,1,1.0,420.23,420.23,Received,2025-12-31,2026-01-03,Supplier SKU: ALP-3091,system,2025-12-21 11:10:37
570,196,PO-2026-0196,1512,SkyView 2-Person Tent,Camping,5,5.0,237.35,1186.75,Received,2026-02-01,2026-02-01,Supplier SKU: CON-1512,system,2026-01-21 11:10:37
571,196,PO-2026-0196,1532,TrailBlaze Hiking Pants,Camping,43,43.0,62.58,2690.94,Received,2026-02-01,2026-02-01,Supplier SKU: CON-1532,system,2026-01-21 11:10:37
572,196,PO-2026-0196,1542,TrailWalker Hiking Shoes,Camping,33,33.0,92.05,3037.65,Received,2026-02-01,2026-02-01,Supplier SKU: CON-1542,system,2026-01-21 11:10:37
573,197,PO-2026-0197,3052,Thermal Base Layer Set - Women's,Ski,47,47.0,94.36,4434.92,Received,2026-03-05,2026-03-06,Supplier SKU: ALP-3052,system,2026-02-21 11:10:37
574,198,PO-2026-0198,2071,Baking Pan,Kitchen,11,11.0,21.21,233.31,Received,2026-02-03,2026-02-04,Supplier SKU: WOR-2071,system,2026-01-12 11:10:37
575,198,PO-2026-0198,1562,PowerBurner Camping Stove,Camping,35,35.0,145.56,5094.6,Received,2026-02-03,2026-02-04,Supplier SKU: WOR-1562,system,2026-01-12 11:10:37
576,198,PO-2026-0198,1542,TrailWalker Hiking Shoes,Camping,195,195.0,84.74,16524.3,Received,2026-02-03,2026-02-04,Supplier SKU: WOR-1542,system,2026-01-12 11:10:37
577,199,PO-2025-0199,3104,Ski Tuning Bench - Portable,Ski,21,21.0,122.99,2582.79,Received,2026-01-03,2026-01-03,Supplier SKU: ALP-3104,system,2025-12-20 11:10:37
578,200,PO-2026-0200,2101,Measuring Cup Set,Kitchen,28,,14.49,405.72,Shipped,2026-03-28,,Supplier SKU: PRO-2101,system,2026-03-13 11:10:37
579,200,PO-2026-0200,2021,Chef Knife,Kitchen,6,,54.49,326.94,Shipped,2026-03-28,,Supplier SKU: PRO-2021,system,2026-03-13 11:10:37
580,200,PO-2026-0200,2121,Bamboo Cutting Board Set,Kitchen,67,,31.46,2107.82,Shipped,2026-03-28,,Supplier SKU: PRO-2121,system,2026-03-13 11:10:37
